-- MySQL dump 10.13  Distrib 8.0.29, for Linux (x86_64)
--
-- Host: 0.0.0.0    Database: budget
-- ------------------------------------------------------
-- Server version	8.0.13

/*!40101 SET @OLD_CHARACTER_SET_CLIENT = @@CHARACTER_SET_CLIENT */;
/*!40101 SET @OLD_CHARACTER_SET_RESULTS = @@CHARACTER_SET_RESULTS */;
/*!40101 SET @OLD_COLLATION_CONNECTION = @@COLLATION_CONNECTION */;
/*!50503 SET NAMES utf8mb4 */;
/*!40103 SET @OLD_TIME_ZONE = @@TIME_ZONE */;
/*!40103 SET TIME_ZONE = '+00:00' */;
/*!40014 SET @OLD_UNIQUE_CHECKS = @@UNIQUE_CHECKS, UNIQUE_CHECKS = 0 */;
/*!40014 SET @OLD_FOREIGN_KEY_CHECKS = @@FOREIGN_KEY_CHECKS, FOREIGN_KEY_CHECKS = 0 */;
/*!40101 SET @OLD_SQL_MODE = @@SQL_MODE, SQL_MODE = 'NO_AUTO_VALUE_ON_ZERO' */;
/*!40111 SET @OLD_SQL_NOTES = @@SQL_NOTES, SQL_NOTES = 0 */;

--
-- Table structure for table `closing_process`
--

DROP TABLE IF EXISTS `closing_process`;
/*!40101 SET @saved_cs_client = @@character_set_client */;
/*!50503 SET character_set_client = utf8mb4 */;
CREATE TABLE `closing_process`
(
    `id`                  int(11) NOT NULL,
    `creation_date`       datetime(6) DEFAULT NULL,
    `manual_entry_status` int(11)     DEFAULT NULL,
    `month`               int(11) NOT NULL,
    `update_date`         datetime(6) DEFAULT NULL,
    `upload_status`       int(11)     DEFAULT NULL,
    `year`                int(11) NOT NULL,
    PRIMARY KEY (`id`),
    UNIQUE KEY `UniqueYearAndMonth` (`year`, `month`)
) ENGINE = InnoDB
  DEFAULT CHARSET = utf8mb4
  COLLATE = utf8mb4_0900_ai_ci;
/*!40101 SET character_set_client = @saved_cs_client */;

--
-- Dumping data for table `closing_process`
--

LOCK TABLES `closing_process` WRITE;
/*!40000 ALTER TABLE `closing_process`
    DISABLE KEYS */;
INSERT INTO `closing_process`
VALUES (1, '2022-05-20 15:28:23.069823', 0, 4, '2022-05-23 04:55:13.533394', 2, 2022),
       (2, '2022-05-20 15:28:27.868584', 0, 3, '2022-05-20 19:55:57.233462', 2, 2022);
/*!40000 ALTER TABLE `closing_process`
    ENABLE KEYS */;
UNLOCK TABLES;

--
-- Table structure for table `closing_process_seq`
--

DROP TABLE IF EXISTS `closing_process_seq`;
/*!40101 SET @saved_cs_client = @@character_set_client */;
/*!50503 SET character_set_client = utf8mb4 */;
CREATE TABLE `closing_process_seq`
(
    `next_val` bigint(20) DEFAULT NULL
) ENGINE = InnoDB
  DEFAULT CHARSET = utf8mb4
  COLLATE = utf8mb4_0900_ai_ci;
/*!40101 SET character_set_client = @saved_cs_client */;

--
-- Dumping data for table `closing_process_seq`
--

LOCK TABLES `closing_process_seq` WRITE;
/*!40000 ALTER TABLE `closing_process_seq`
    DISABLE KEYS */;
INSERT INTO `closing_process_seq`
VALUES (101);
/*!40000 ALTER TABLE `closing_process_seq`
    ENABLE KEYS */;
UNLOCK TABLES;

--
-- Table structure for table `real_account`
--

DROP TABLE IF EXISTS `real_account`;
/*!40101 SET @saved_cs_client = @@character_set_client */;
/*!50503 SET character_set_client = utf8mb4 */;
CREATE TABLE `real_account`
(
    `id`                 int(11) NOT NULL,
    `account_type_value` int(11) NOT NULL,
    `creation_date`      datetime(6)  DEFAULT NULL,
    `name`               varchar(255) DEFAULT NULL,
    `update_date`        datetime(6)  DEFAULT NULL,
    PRIMARY KEY (`id`)
) ENGINE = InnoDB
  DEFAULT CHARSET = utf8mb4
  COLLATE = utf8mb4_0900_ai_ci;
/*!40101 SET character_set_client = @saved_cs_client */;

--
-- Dumping data for table `real_account`
--

LOCK TABLES `real_account` WRITE;
/*!40000 ALTER TABLE `real_account`
    DISABLE KEYS */;
INSERT INTO `real_account`
VALUES (1, 1, '2022-01-29 11:33:49.880555', 'Checking', NULL),
       (2, 2, '2022-01-29 11:34:31.440961', 'Cyrill Saving', NULL),
       (3, 2, '2022-01-29 11:34:50.293477', 'Lyka Saving', NULL),
       (4, 3, '2022-01-29 11:35:22.743167', 'Credit Cards', NULL),
       (5, 5, '2022-01-29 11:35:39.843894', 'Prebudget', NULL),
       (6, 4, '2022-01-29 11:35:50.292034', 'Income', NULL),
       (7, 4, '2022-01-29 11:41:02.635422', 'Fixed Costs', '2022-01-29 11:41:02.639470'),
       (8, 4, '2022-01-29 11:42:54.730929', 'Variable Costs', NULL);
/*!40000 ALTER TABLE `real_account`
    ENABLE KEYS */;
UNLOCK TABLES;

--
-- Table structure for table `real_account_seq`
--

DROP TABLE IF EXISTS `real_account_seq`;
/*!40101 SET @saved_cs_client = @@character_set_client */;
/*!50503 SET character_set_client = utf8mb4 */;
CREATE TABLE `real_account_seq`
(
    `next_val` bigint(20) DEFAULT NULL
) ENGINE = InnoDB
  DEFAULT CHARSET = utf8mb4
  COLLATE = utf8mb4_0900_ai_ci;
/*!40101 SET character_set_client = @saved_cs_client */;

--
-- Dumping data for table `real_account_seq`
--

LOCK TABLES `real_account_seq` WRITE;
/*!40000 ALTER TABLE `real_account_seq`
    DISABLE KEYS */;
INSERT INTO `real_account_seq`
VALUES (101);
/*!40000 ALTER TABLE `real_account_seq`
    ENABLE KEYS */;
UNLOCK TABLES;

--
-- Table structure for table `scanned_transaction`
--

DROP TABLE IF EXISTS `scanned_transaction`;
/*!40101 SET @saved_cs_client = @@character_set_client */;
/*!50503 SET character_set_client = utf8mb4 */;
CREATE TABLE `scanned_transaction`
(
    `id`                  int(11) NOT NULL,
    `amount`              decimal(19, 2) DEFAULT NULL,
    `card_type`           varchar(255)   DEFAULT NULL,
    `creation_date`       datetime(6)    DEFAULT NULL,
    `date`                date           DEFAULT NULL,
    `description`         varchar(255)   DEFAULT NULL,
    `transaction_created` bit(1)         DEFAULT NULL,
    `update_date`         datetime(6)    DEFAULT NULL,
    `closing_process_id`  int(11)        DEFAULT NULL,
    PRIMARY KEY (`id`),
    KEY `FKalylrghg943wyikksh3um0dnl` (`closing_process_id`),
    CONSTRAINT `FKalylrghg943wyikksh3um0dnl` FOREIGN KEY (`closing_process_id`) REFERENCES `closing_process` (`id`)
) ENGINE = InnoDB
  DEFAULT CHARSET = utf8mb4
  COLLATE = utf8mb4_0900_ai_ci;
/*!40101 SET character_set_client = @saved_cs_client */;

--
-- Dumping data for table `scanned_transaction`
--

LOCK TABLES `scanned_transaction` WRITE;
/*!40000 ALTER TABLE `scanned_transaction`
    DISABLE KEYS */;
INSERT INTO `scanned_transaction`
VALUES (1, 15.60, 'MasterCard', '2022-05-20 19:54:08.491205', '2022-03-18', 'MCDONALDS BERN 20113, BERN', _binary '\0',
        NULL, 2),
       (2, 9.95, 'AMEX', '2022-05-20 19:54:08.491191', '2022-03-20', 'COOP-5450 WORBLAUFEN APER, WORBLAUFEN',
        _binary '\0', NULL, 2),
       (3, 28.00, 'MasterCard', '2022-05-20 19:54:08.491112', '2022-03-22', 'HURRYCURRY, BERN', _binary '\0', NULL, 2),
       (4, 1.20, 'AMEX', '2022-05-20 19:54:08.491126', '2022-03-22', 'MIGROS CHRISTOFFEL (3115), BERN', _binary '\0',
        NULL, 2),
       (5, 1.65, 'MasterCard', '2022-05-20 19:54:08.491140', '2022-03-22', 'MIGROS M WELLE 7, BERN', _binary '\0', NULL,
        2),
       (6, 95.00, 'AMEX', '2022-05-20 19:54:08.491154', '2022-03-22', 'RESTAURANT MISHIO IM VATT, BERN', _binary '\0',
        NULL, 2),
       (7, 24.80, 'AMEX', '2022-05-20 19:54:08.491167', '2022-03-22', 'MIGROS ZÄHRINGER (4360), BERN', _binary '\0',
        NULL, 2),
       (8, 5.50, 'MasterCard', '2022-05-20 19:54:08.490963', '2022-03-23', 'LA GOLOSA GELATERIA, BERN', _binary '\0',
        NULL, 2),
       (9, 7.15, 'AMEX', '2022-05-20 19:54:08.490977', '2022-03-23', 'COOP-4550 BERN RAIL CITY, BERN', _binary '\0',
        NULL, 2),
       (10, 20.00, 'AMEX', '2022-05-20 19:54:08.491038', '2022-03-23', 'AMAVITA APOTHEKE BAHNHOF, BERN', _binary '\0',
        NULL, 2),
       (11, 5.00, 'MasterCard', '2022-05-20 19:54:08.491056', '2022-03-23', 'BÄRNER BROCKI PLUS, BERN', _binary '\0',
        NULL, 2),
       (12, 0.65, 'MasterCard', '2022-05-20 19:54:08.491069', '2022-03-23', 'MIGROS M WELLE 7, BERN', _binary '\0',
        NULL, 2),
       (13, 5.00, 'MasterCard', '2022-05-20 19:54:08.491085', '2022-03-23', 'MIGROS M WELLE 7, BERN', _binary '\0',
        NULL, 2),
       (14, 7.90, 'MasterCard', '2022-05-20 19:54:08.491099', '2022-03-23', 'TOOGOODTOG UE3PSIUY4PA, TOOGOODTOGO.C',
        _binary '\0', NULL, 2),
       (15, 18.80, 'MasterCard', '2022-05-20 19:54:08.490848', '2022-03-24', 'MR. PICKWICK PUB, BERN', _binary '\0',
        NULL, 2),
       (16, 18.80, 'MasterCard', '2022-05-20 19:54:08.490869', '2022-03-24', 'MR. PICKWICK PUB, BERN', _binary '\0',
        NULL, 2),
       (17, 4.60, 'AMEX', '2022-05-20 19:54:08.490889', '2022-03-24', 'SBB MOBILE, BERN', _binary '\0', NULL, 2),
       (18, 30.30, 'MasterCard', '2022-05-20 19:54:08.490909', '2022-03-24', 'SUMUP  *AMINOS, LYSS', _binary '\0', NULL,
        2),
       (19, 0.25, 'MasterCard', '2022-05-20 19:54:08.490928', '2022-03-24', 'ALDI SUISSE 85, BERN', _binary '\0', NULL,
        2),
       (20, 4.60, 'AMEX', '2022-05-20 19:54:08.490942', '2022-03-24', 'SBB MOBILE, BERN', _binary '\0', NULL, 2),
       (21, 92.70, 'MasterCard', '2022-05-20 19:54:08.490736', '2022-03-25', 'RESTAURANT RINGGENBERG, BERN',
        _binary '\0', NULL, 2),
       (22, 90.00, 'MasterCard', '2022-05-20 19:54:08.490756', '2022-03-25', 'RESTAURANT TRAMWAY, BERN', _binary '\0',
        NULL, 2),
       (23, 7.40, 'MasterCard', '2022-05-20 19:54:08.490772', '2022-03-25', 'COOP-5457 BERN RBS, BERN', _binary '\0',
        NULL, 2),
       (24, 4.80, 'MasterCard', '2022-05-20 19:54:08.490794', '2022-03-25', 'COOP-5450 WORBLAUFEN A, WORBLAUFEN',
        _binary '\0', NULL, 2),
       (25, 9.40, 'MasterCard', '2022-05-20 19:54:08.490808', '2022-03-25', 'COOP-5376 BE SCHAUPLAT, BERN',
        _binary '\0', NULL, 2),
       (26, 2.80, 'AMEX', '2022-05-20 19:54:08.490829', '2022-03-25', 'COOP-4550 BERN RAIL CITY, BERN', _binary '\0',
        NULL, 2),
       (27, 29.80, 'AMEX', '2022-05-20 19:54:08.490686', '2022-03-26', 'COOP-4550 BERN RAIL CITY, BERN', _binary '\0',
        NULL, 2),
       (28, 7.10, 'AMEX', '2022-05-20 19:54:08.490702', '2022-03-26', 'MIGROS CHRISTOFFEL (3115), BERN', _binary '\0',
        NULL, 2),
       (29, 7.00, 'AMEX', '2022-05-20 19:54:08.490716', '2022-03-26', 'ALTES TRAMDEPOT, BERN', _binary '\0', NULL, 2),
       (30, 341.40, 'AMEX', '2022-05-20 19:54:08.490632', '2022-03-27', 'DIGITAL RIVER, MINNESOTA', _binary '\0', NULL,
        2),
       (31, 10.00, 'AMEX', '2022-05-20 19:54:08.490653', '2022-03-27', 'APPLE.COM/BILL, HOLLYHILL', _binary '\0', NULL,
        2),
       (32, 67.75, 'AMEX', '2022-05-20 19:54:08.490504', '2022-03-28', 'MIGROS SHOPPYLAND (4700), SCHÖNBÜHL EKZ',
        _binary '\0', NULL, 2),
       (33, 8.30, 'AMEX', '2022-05-20 19:54:08.490527', '2022-03-28', 'MCDONALD\'S RESTAURANT NR, SCHÖNBÜHL',
        _binary '\0', NULL, 2),
       (34, 14.80, 'MasterCard', '2022-05-20 19:54:08.490547', '2022-03-28', 'KFC, URTENEN-SCHÖN', _binary '\0', NULL,
        2),
       (35, 5.05, 'MasterCard', '2022-05-20 19:54:08.490566', '2022-03-28', 'COOP-5734 BE SPITALGAS, BERN',
        _binary '\0', NULL, 2),
       (36, 0.95, 'MasterCard', '2022-05-20 19:54:08.490585', '2022-03-28', 'ALDI SUISSE 85, BERN', _binary '\0', NULL,
        2),
       (37, 35.20, 'AMEX', '2022-05-20 19:54:08.490609', '2022-03-28', 'DENNER DISCOUNT 361, SCHÖNBÜHL', _binary '\0',
        NULL, 2),
       (38, 21.40, 'MasterCard', '2022-05-20 19:54:08.490423', '2022-03-29', 'SUMUP  *AMINOS, LYSS', _binary '\0', NULL,
        2),
       (39, 1.60, 'MasterCard', '2022-05-20 19:54:08.490437', '2022-03-29', 'COOP-5450 WORBLAUFEN A, WORBLAUFEN',
        _binary '\0', NULL, 2),
       (40, 7.05, 'AMEX', '2022-05-20 19:54:08.490461', '2022-03-29', 'MIGROS CHRISTOFFEL (3115), BERN', _binary '\0',
        NULL, 2),
       (41, 12.90, 'MasterCard', '2022-05-20 19:54:08.490399', '2022-03-30', 'KFC WELLE 7, BERN', _binary '\0', NULL,
        2),
       (42, 644.75, 'AMEX', '2022-05-20 19:54:08.490379', '2022-03-31', 'WWW.ZALANDO.CH, BERLIN', _binary '\0', NULL,
        2),
       (43, 10.50, 'AMEX', '2022-05-20 19:54:08.490366', '2022-04-01', 'COOP-5450 WORBLAUFEN APER, WORBLAUFEN',
        _binary '\0', NULL, 2),
       (44, 8.60, 'MasterCard', '2022-05-20 19:54:08.490276', '2022-04-02', 'BAR ISTRIANO, DOMODOSSOLA', _binary '\0',
        NULL, 2),
       (45, 8.60, 'MasterCard', '2022-05-20 19:54:08.490296', '2022-04-02', 'PASTICCERIA TISTI, DOMODOSSOLA',
        _binary '\0', NULL, 2),
       (46, 10.75, 'MasterCard', '2022-05-20 19:54:08.490311', '2022-04-02', 'SALI & PISTACCHI, DOMODOSSOLA',
        _binary '\0', NULL, 2),
       (47, 79.55, 'MasterCard', '2022-05-20 19:54:08.490325', '2022-04-02', 'RISTORANTE LA MERIDIAN, DOMODOSSOLA',
        _binary '\0', NULL, 2),
       (48, 10.95, 'MasterCard', '2022-05-20 19:54:08.490339', '2022-04-02', 'SUPERMERCATO COOP DOMO, DOMODOSSOLA',
        _binary '\0', NULL, 2),
       (49, 11.60, 'AMEX', '2022-05-20 19:54:08.490353', '2022-04-02', 'COOP-4550 BERN RAIL CITY, BERN', _binary '\0',
        NULL, 2),
       (50, 25.50, 'MasterCard', '2022-05-20 19:54:08.490098', '2022-04-03', 'LIDL BERN LOEB, BERN', _binary '\0', NULL,
        2),
       (51, 4.90, 'MasterCard', '2022-05-20 19:54:08.490111', '2022-04-03', 'TOOGOODTOG B4AXC8HJ6R3, TOOGOODTOGO.C',
        _binary '\0', NULL, 2),
       (52, 109.00, 'AMEX', '2022-05-20 19:54:08.490124', '2022-04-03', 'APPLE.COM/CHDE, HOLLYHILL', _binary '\0', NULL,
        2),
       (53, 3.95, 'AMEX', '2022-05-20 19:54:08.490137', '2022-04-03', 'COOP-4550 BERN RAIL CITY, BERN', _binary '\0',
        NULL, 2),
       (54, 12.00, 'AMEX', '2022-05-20 19:54:08.490150', '2022-04-03', 'KKIOSK 31635, BERN', _binary '\0', NULL, 2),
       (55, 3.80, 'AMEX', '2022-05-20 19:54:08.490162', '2022-04-03', 'MIGROS CHRISTOFFEL (3115), BERN', _binary '\0',
        NULL, 2),
       (56, 61.00, 'AMEX', '2022-05-20 19:54:08.490241', '2022-04-03', 'MIGROS BERN BAHNHOF (4530, BERN', _binary '\0',
        NULL, 2),
       (57, 11.20, 'MasterCard', '2022-05-20 19:54:08.490057', '2022-04-04', 'COOP-1990 BE C.RYFFLIH, BERN',
        _binary '\0', NULL, 2),
       (58, 5.95, 'MasterCard', '2022-05-20 19:54:08.490071', '2022-04-04', 'ALDI SUISSE 85, BERN', _binary '\0', NULL,
        2),
       (59, 3.75, 'AMEX', '2022-05-20 19:54:08.490084', '2022-04-04', 'COOP-5450 WORBLAUFEN APER, WORBLAUFEN',
        _binary '\0', NULL, 2),
       (60, 4.35, 'AMEX', '2022-05-20 19:54:08.490044', '2022-04-05', 'MIGROS CHRISTOFFEL (3115), BERN', _binary '\0',
        NULL, 2),
       (61, 121.25, 'AMEX', '2022-05-20 19:54:08.489985', '2022-04-06', 'MOBILITY CAR SHARING, LUZERN', _binary '\0',
        NULL, 2),
       (62, 10.00, 'MasterCard', '2022-05-20 19:54:08.490002', '2022-04-06', 'SUMUP  *QUINNIE CINEMA, BERN',
        _binary '\0', NULL, 2),
       (63, 34.00, 'MasterCard', '2022-05-20 19:54:08.490017', '2022-04-06', 'RESTAURANT BOKY, BERN', _binary '\0',
        NULL, 2),
       (64, 0.90, 'AMEX', '2022-05-20 19:54:08.490031', '2022-04-06', 'COOP-5457 BERN RBS, BERN', _binary '\0', NULL,
        2),
       (65, 9.20, 'MasterCard', '2022-05-20 19:54:08.489952', '2022-04-07', 'MONBIJOU-BECK, BERN', _binary '\0', NULL,
        2),
       (66, 3.70, 'AMEX', '2022-05-20 19:54:08.489969', '2022-04-07', 'MIGROS CHRISTOFFEL (3115), BERN', _binary '\0',
        NULL, 2),
       (67, 7.80, 'MasterCard', '2022-05-20 19:54:08.489834', '2022-04-08', 'MIGROS MM BERN CHRISTO, BERN',
        _binary '\0', NULL, 2),
       (68, 1.25, 'MasterCard', '2022-05-20 19:54:08.489849', '2022-04-08', 'MIGROS MM BERN CHRISTO, BERN',
        _binary '\0', NULL, 2),
       (69, 6.60, 'MasterCard', '2022-05-20 19:54:08.489866', '2022-04-08', 'COOP-2069 BE C. RYFFLI, BERN',
        _binary '\0', NULL, 2),
       (70, 16.25, 'MasterCard', '2022-05-20 19:54:08.489882', '2022-04-08', 'COOP-2069 BE C. RYFFLI, BERN',
        _binary '\0', NULL, 2),
       (71, 13.20, 'MasterCard', '2022-05-20 19:54:08.489896', '2022-04-08', 'SBB CFF FFS MOBILE TIC, BERN',
        _binary '\0', NULL, 2),
       (72, 12.00, 'MasterCard', '2022-05-20 19:54:08.489909', '2022-04-08', 'SBB CFF FFS MOBILE TIC, BERN',
        _binary '\0', NULL, 2),
       (73, 13.20, 'AMEX', '2022-05-20 19:54:08.489923', '2022-04-08', 'SBB MOBILE, BERN', _binary '\0', NULL, 2),
       (74, 12.00, 'AMEX', '2022-05-20 19:54:08.489937', '2022-04-08', 'SBB MOBILE, BERN', _binary '\0', NULL, 2),
       (75, 8.50, 'MasterCard', '2022-05-20 19:54:08.489656', '2022-04-09', 'OLD FASHIONED FUDGES, GYAL', _binary '\0',
        NULL, 2),
       (76, 7.00, 'MasterCard', '2022-05-20 19:54:08.489671', '2022-04-09', 'SUMUP  *KINGS MINIDONU, ZURICH FLUGHA',
        _binary '\0', NULL, 2),
       (77, 10.00, 'MasterCard', '2022-05-20 19:54:08.489685', '2022-04-09', 'SUMUP  *VITAL JUS, JIM, HERGISWIL',
        _binary '\0', NULL, 2),
       (78, 11.00, 'MasterCard', '2022-05-20 19:54:08.489700', '2022-04-09', 'SUMUP  *LOLLY GAUFRE, VEVEY',
        _binary '\0', NULL, 2),
       (79, 7.00, 'MasterCard', '2022-05-20 19:54:08.489715', '2022-04-09', 'SUMUP  *JCS GOURMET DO, REINACH',
        _binary '\0', NULL, 2),
       (80, 9.00, 'MasterCard', '2022-05-20 19:54:08.489729', '2022-04-09', 'SUMUP  *GRILL N ROLL, REGENSDORF',
        _binary '\0', NULL, 2),
       (81, 3.00, 'MasterCard', '2022-05-20 19:54:08.489745', '2022-04-09', 'SUMUP  *GRILL N ROLL, REGENSDORF',
        _binary '\0', NULL, 2),
       (82, 17.00, 'MasterCard', '2022-05-20 19:54:08.489761', '2022-04-09', 'SUMUP  *DE KOREANER, ZUMIKON',
        _binary '\0', NULL, 2),
       (83, 17.00, 'MasterCard', '2022-05-20 19:54:08.489775', '2022-04-09', 'SUMUP  *DE KOREANER, ZUMIKON',
        _binary '\0', NULL, 2),
       (84, 6.00, 'MasterCard', '2022-05-20 19:54:08.489790', '2022-04-09', 'BERNEXPO AG, BERN', _binary '\0', NULL, 2),
       (85, 25.00, 'MasterCard', '2022-05-20 19:54:08.489804', '2022-04-09', 'HANNIBAL EVENTS GMBH, AARBURG',
        _binary '\0', NULL, 2),
       (86, 7.00, 'MasterCard', '2022-05-20 19:54:08.489819', '2022-04-09', 'NEW AGE OPERATIONS GMB, BIGLEN',
        _binary '\0', NULL, 2),
       (87, 83.00, 'MasterCard', '2022-05-20 19:54:08.489582', '2022-04-10', 'CR PERIE D\'OUCHY, LAUSANNE',
        _binary '\0', NULL, 2),
       (88, 18.85, 'MasterCard', '2022-05-20 19:54:08.489596', '2022-04-10', 'COOP TS LAUSANNE, LAUSANNE', _binary '\0',
        NULL, 2),
       (89, 11.20, 'AMEX', '2022-05-20 19:54:08.489613', '2022-04-10', 'MIGROS CHRISTOFFEL (3115), BERN', _binary '\0',
        NULL, 2),
       (90, 6.90, 'AMEX', '2022-05-20 19:54:08.489628', '2022-04-10', 'TRANSPORTS PUBLICS TL, LAUSANNE', _binary '\0',
        NULL, 2),
       (91, 6.90, 'AMEX', '2022-05-20 19:54:08.489642', '2022-04-10', 'TRANSPORTS PUBLICS TL, LAUSANNE', _binary '\0',
        NULL, 2),
       (92, 100.00, 'MasterCard', '2022-05-20 19:54:08.489551', '2022-04-11', 'STOCKHORNBAHN AG, ERLENBACH IM',
        _binary '\0', NULL, 2),
       (93, 790.00, 'AMEX', '2022-05-20 19:54:08.489567', '2022-04-11', 'SBB CFF FFS, BERN', _binary '\0', NULL, 2),
       (94, 8.00, 'MasterCard', '2022-05-20 19:54:08.489520', '2022-04-12', 'BÄRNER BROCKI PLUS, BERN', _binary '\0',
        NULL, 2),
       (95, 26.90, 'MasterCard', '2022-05-20 19:54:08.489535', '2022-04-12', 'MANOR AG - 300, BERN', _binary '\0', NULL,
        2),
       (96, 5.50, 'MasterCard', '2022-05-20 19:54:08.489439', '2022-04-13', 'LA GOLOSA GELATERIA, BERN', _binary '\0',
        NULL, 2),
       (97, 75.00, 'MasterCard', '2022-05-20 19:54:08.489454', '2022-04-13', 'HANS IM GLÜCK BURGERGR, BERN',
        _binary '\0', NULL, 2),
       (98, 5.00, 'MasterCard', '2022-05-20 19:54:08.489473', '2022-04-13', 'LOLIPOP / SBB, BERN', _binary '\0', NULL,
        2),
       (99, 5.95, 'MasterCard', '2022-05-20 19:54:08.489489', '2022-04-13', 'ALDI SUISSE 85, BERN', _binary '\0', NULL,
        2),
       (100, -326.80, 'AMEX', '2022-05-20 19:54:08.489505', '2022-04-13', 'WWW.ZALANDO.CH, BERLIN', _binary '\0', NULL,
        2),
       (101, 8.60, 'MasterCard', '2022-05-20 19:54:08.489322', '2022-04-14', 'CENTRAL APOTHEKE OLTEN, OLTEN',
        _binary '\0', NULL, 2),
       (102, 2.50, 'MasterCard', '2022-05-20 19:54:08.489343', '2022-04-14', 'LOEB MAGGS BERN, BERN', _binary '\0',
        NULL, 2),
       (103, 7.25, 'MasterCard', '2022-05-20 19:54:08.489359', '2022-04-14', 'MIGROS MMM BERN MARKTG, BERN',
        _binary '\0', NULL, 2),
       (104, 23.90, 'MasterCard', '2022-05-20 19:54:08.489375', '2022-04-14', 'ALDI SUISSE 85, BERN', _binary '\0',
        NULL, 2),
       (105, 14.00, 'MasterCard', '2022-05-20 19:54:08.489390', '2022-04-14', 'SBB CFF FFS MOBILE TIC, BERN',
        _binary '\0', NULL, 2),
       (106, 11.90, 'AMEX', '2022-05-20 19:54:08.489406', '2022-04-14', 'COOP-5457 BERN RBS, BERN', _binary '\0', NULL,
        2),
       (107, 14.00, 'AMEX', '2022-05-20 19:54:08.489423', '2022-04-14', 'SBB MOBILE, BERN', _binary '\0', NULL, 2),
       (108, 10.60, 'MasterCard', '2022-05-20 19:54:08.489247', '2022-04-16', 'SBB CFF FFS MOBILE TIC, BERN',
        _binary '\0', NULL, 2),
       (109, 8.25, 'AMEX', '2022-05-20 19:54:08.488835', '2022-04-17', 'COOP-4550 BERN RAIL CITY, BERN', _binary '\0',
        NULL, 2),
       (110, 1201.00, 'AMEX', '2022-05-20 19:54:08.488822', '2022-04-18', 'SINGAPOREAIR SWITZERLAND, SWITZERLAND',
        _binary '\0', NULL, 2),
       (111, 2.90, 'AMEX', '2022-05-20 19:54:08.486485', '2022-04-19', 'MIGROS CHRISTOFFEL (3115), BERN', _binary '\0',
        NULL, 2),
       (112, 11.25, 'AMEX', '2022-05-20 19:54:08.488805', '2022-04-19', 'COOP-1207 BE SULGENBACH, BERN', _binary '\0',
        NULL, 2),
       (113, 13.50, 'AMEX', '2022-05-20 19:54:08.486387', '2022-04-20', 'TRAVEL COMFORT PLUS', _binary '\0', NULL, 2),
       (114, 9.90, 'MasterCard', '2022-05-22 12:08:49.413707', '2022-04-20', 'LAEDERACH CHOCOLAT. AG, BERN',
        _binary '', '2022-05-22 12:24:05.915006', 1),
       (115, 14.00, 'MasterCard', '2022-05-22 12:08:49.413714', '2022-04-20', 'HURRYCURRY, BERN', _binary '',
        '2022-05-22 12:23:46.646984', 1),
       (116, 115.00, 'MasterCard', '2022-05-22 12:08:49.413720', '2022-04-20', 'KORNHAUSKELLER REST. &, BREMGARTEN B.',
        _binary '', '2022-05-22 12:23:46.647154', 1),
       (117, 27.90, 'MasterCard', '2022-05-22 12:08:49.413727', '2022-04-20', 'COOP-1990 BE C.RYFFLIH, BERN',
        _binary '', '2022-05-22 12:39:55.659288', 1),
       (118, 9.10, 'AMEX', '2022-05-22 12:08:49.413733', '2022-04-20', 'COOP-2069 BE C.RYFFLIHOF, BERN', _binary '',
        '2022-05-22 12:39:55.659337', 1),
       (119, -198.00, 'AMEX', '2022-05-22 12:08:49.413740', '2022-04-20', 'WWW.ZALANDO.CH, BERLIN', _binary '',
        '2022-05-22 12:35:12.897796', 1),
       (120, 12.80, 'MasterCard', '2022-05-22 12:08:49.413647', '2022-04-21', 'SBB CFF FFS MOBILE TIC, BERN',
        _binary '', '2022-05-22 12:12:22.616057', 1),
       (121, 14.60, 'MasterCard', '2022-05-22 12:08:49.413653', '2022-04-21', 'SBB CFF FFS MOBILE TIC, BERN',
        _binary '', '2022-05-22 12:12:22.616147', 1),
       (122, 27.50, 'MasterCard', '2022-05-22 12:08:49.413664', '2022-04-21', 'CAFE-BAR TURNHALLE, BERN', _binary '',
        '2022-05-22 12:23:46.647213', 1),
       (123, 32.95, 'MasterCard', '2022-05-22 12:08:49.413671', '2022-04-21', 'COOP-2192 BE C.RYFFLIH, BERN',
        _binary '', '2022-05-22 12:39:55.659362', 1),
       (124, 74.30, 'MasterCard', '2022-05-22 12:08:49.413678', '2022-04-21', 'COOP-1990 BE C.RYFFLIH, BERN',
        _binary '', '2022-05-22 12:39:55.659380', 1),
       (125, 14.00, 'AMEX', '2022-05-22 12:08:49.413685', '2022-04-21', 'SBB MOBILE, BERN', _binary '',
        '2022-05-22 12:12:22.616228', 1),
       (126, 10.50, 'AMEX', '2022-05-22 12:08:49.413693', '2022-04-21', 'MIGROS BERN BAHNHOF TAKE, BERN', _binary '',
        '2022-05-22 12:26:28.255638', 1),
       (127, 14.00, 'AMEX', '2022-05-22 12:08:49.413700', '2022-04-21', 'SBB MOBILE, BERN', _binary '',
        '2022-05-22 12:12:22.616333', 1),
       (128, 6.90, 'MasterCard', '2022-05-22 12:08:49.413611', '2022-04-22', 'MANOR AG - 862, BERN', _binary '',
        '2022-05-22 12:24:05.915079', 1),
       (129, 40.00, 'MasterCard', '2022-05-22 12:08:49.413618', '2022-04-22', 'HAUPTSTADT GASTRO AG, BERN', _binary '',
        '2022-05-22 12:33:52.878485', 1),
       (130, 30.90, 'MasterCard', '2022-05-22 12:08:49.413624', '2022-04-22', 'H & M, BERN', _binary '',
        '2022-05-22 12:24:05.915122', 1),
       (131, 0.90, 'MasterCard', '2022-05-22 12:08:49.413630', '2022-04-22', 'COOP-5734 BE SPITALGAS, BERN',
        _binary '', '2022-05-22 12:29:13.265290', 1),
       (132, 5.60, 'MasterCard', '2022-05-22 12:08:49.413636', '2022-04-22', 'COOP-4550 BERN RAIL CI, BERN',
        _binary '', '2022-05-22 12:39:55.659399', 1),
       (133, 7.90, 'MasterCard', '2022-05-22 12:08:49.413642', '2022-04-22', 'TOOGOODTOG 8DU9B0IEAAK, TOOGOODTOGO.C',
        _binary '', '2022-05-22 12:39:55.659439', 1),
       (134, 15.20, 'MasterCard', '2022-05-22 12:08:49.413564', '2022-04-23', 'MCDONALDS BERN 20113, BERN', _binary '',
        '2022-05-22 12:23:46.647278', 1),
       (135, 16.00, 'MasterCard', '2022-05-22 12:08:49.413571', '2022-04-23', 'GOAL - DIE BERNER FUSS, BERN',
        _binary '', '2022-05-22 12:23:46.647319', 1),
       (136, 38.00, 'MasterCard', '2022-05-22 12:08:49.413577', '2022-04-23', 'CANTIN, BERN', _binary '',
        '2022-05-22 12:24:05.915167', 1),
       (137, 6.40, 'MasterCard', '2022-05-22 12:08:49.413583', '2022-04-23', 'MANOR AG - 862, BERN', _binary '',
        '2022-05-22 12:24:05.915207', 1),
       (138, 1.00, 'MasterCard', '2022-05-22 12:08:49.413589', '2022-04-23', 'COOP-5450 WORBLAUFEN A, WORBLAUFEN',
        _binary '', '2022-05-22 12:39:55.659459', 1),
       (139, 120.85, 'AMEX', '2022-05-22 12:08:49.413598', '2022-04-23', 'WWW.ZALANDO.CH, BERLIN', _binary '',
        '2022-05-22 12:24:05.915248', 1),
       (140, 28.50, 'AMEX', '2022-05-22 12:08:49.413605', '2022-04-23', 'DO IT + GARDEN MIGROS BER, BERN', _binary '',
        '2022-05-22 12:40:19.805648', 1),
       (141, 5.90, 'AMEX', '2022-05-22 12:08:49.413558', '2022-04-24', 'COOP-5450 WORBLAUFEN APER, WORBLAUFEN',
        _binary '', '2022-05-22 12:39:55.659479', 1),
       (142, 42.90, 'AMEX', '2022-05-22 12:08:49.413529', '2022-04-25', 'COOP-4550 BERN RAIL CITY, BERN', _binary '',
        '2022-05-22 12:39:55.659497', 1),
       (143, 2.00, 'AMEX', '2022-05-22 12:08:49.413536', '2022-04-25', 'MCDONALD\'S RESTAURANT NR, BERN', _binary '',
        '2022-05-22 12:33:52.878543', 1),
       (144, 26.00, 'MasterCard', '2022-05-22 12:08:49.413544', '2022-04-25', 'SUMUP  *LITTLE BAMBUS, WORBLAUFEN',
        _binary '', '2022-05-22 12:33:52.878573', 1),
       (145, 2.30, 'MasterCard', '2022-05-22 12:08:49.413551', '2022-04-25', 'COOP-5450 WORBLAUFEN A, WORBLAUFEN',
        _binary '', '2022-05-22 12:39:55.659515', 1),
       (146, 10.40, 'MasterCard', '2022-05-22 12:08:49.413503', '2022-04-26', 'SBB CFF FFS MOBILE TIC, BERN',
        _binary '', '2022-05-22 12:12:22.616399', 1),
       (147, 9.60, 'MasterCard', '2022-05-22 12:08:49.413509', '2022-04-26', 'SBB CFF FFS MOBILE TIC, BERN',
        _binary '', '2022-05-22 12:12:22.616473', 1),
       (148, 66.45, 'AMEX', '2022-05-22 12:08:49.413516', '2022-04-26', 'WWW.ZALANDO.CH, BERLIN', _binary '',
        '2022-05-22 12:26:20.997105', 1),
       (149, 4.95, 'AMEX', '2022-05-22 12:08:49.413523', '2022-04-26', 'COOP-5450 WORBLAUFEN APER, WORBLAUFEN',
        _binary '', '2022-05-22 12:39:55.659568', 1),
       (150, 6.60, 'MasterCard', '2022-05-22 12:08:49.413472', '2022-04-27', 'MIGROS MMM BERN MARKTG, BERN',
        _binary '', '2022-05-22 12:39:55.659594', 1),
       (151, 10.00, 'AMEX', '2022-05-22 12:08:49.413479', '2022-04-27', 'APPLE.COM/BILL, HOLLYHILL', _binary '',
        '2022-05-22 12:29:57.554280', 1),
       (152, 0.20, 'AMEX', '2022-05-22 12:08:49.413485', '2022-04-27', 'MIGROS CHRISTOFFEL (3115), BERN', _binary '',
        '2022-05-22 12:39:55.659618', 1),
       (153, 12.50, 'AMEX', '2022-05-22 12:08:49.413491', '2022-04-27', 'COOP-1207 BE SULGENBACH, BERN', _binary '',
        '2022-05-22 12:26:28.255720', 1),
       (154, 72.70, 'AMEX', '2022-05-22 12:08:49.413497', '2022-04-27', 'THE ATHLETIC, SAN FRANCISCO', _binary '',
        '2022-05-22 12:23:46.647372', 1),
       (155, 14.00, 'MasterCard', '2022-05-22 12:08:49.413466', '2022-04-28', 'CONTACT TAKE AWAY, BERN', _binary '',
        '2022-05-22 12:26:28.255761', 1),
       (156, 7.90, 'MasterCard', '2022-05-22 12:08:49.413419', '2022-04-29', 'SUMUP  *TWENTY ONE BER, BERN',
        _binary '', '2022-05-22 12:33:52.878601', 1),
       (157, 26.60, 'MasterCard', '2022-05-22 12:08:49.413426', '2022-04-29', 'CHANG CHENG TAKE AWAY, BERN',
        _binary '', '2022-05-22 12:33:52.878629', 1),
       (158, 8.50, 'MasterCard', '2022-05-22 12:08:49.413432', '2022-04-29', 'TEA ONE, BERN', _binary '',
        '2022-05-22 12:23:46.647411', 1),
       (159, 2.90, 'MasterCard', '2022-05-22 12:08:49.413438', '2022-04-29', 'COOP-5450 WORBLAUFEN A, WORBLAUFEN',
        _binary '', '2022-05-22 12:39:55.659637', 1),
       (160, 29.90, 'MasterCard', '2022-05-22 12:08:49.413444', '2022-04-29', 'DOMINO\'S PIZZA GMBH, GLATTBRUGG',
        _binary '', '2022-05-22 12:33:52.878656', 1),
       (161, 29.90, 'MasterCard', '2022-05-22 12:08:49.413450', '2022-04-29', 'DOMINO\'S PIZZA GMBH, GLATTBRUGG',
        _binary '', '2022-05-22 12:33:52.878684', 1),
       (162, 778.40, 'AMEX', '2022-05-22 12:08:49.413457', '2022-04-29', 'EASYJET*EASYJET K3G5PBF-3, LUTON',
        _binary '', '2022-05-22 12:31:12.321227', 1),
       (163, 19.90, 'MasterCard', '2022-05-22 12:08:49.413350', '2022-04-30', 'POPEYES - POPOER GMBH, ZUERICH',
        _binary '', '2022-05-22 12:24:05.915288', 1),
       (164, 7.90, 'MasterCard', '2022-05-22 12:08:49.413357', '2022-04-30', 'DUNKIN\' DONUTS ZÜRICH, ZÜRICH',
        _binary '', '2022-05-22 12:24:05.915329', 1),
       (165, 31.35, 'MasterCard', '2022-05-22 12:08:49.413364', '2022-04-30', 'YUMIHANA, ZÜRICH', _binary '',
        '2022-05-22 12:24:05.915369', 1),
       (166, 11.50, 'MasterCard', '2022-05-22 12:08:49.413371', '2022-04-30', 'LA PLATANERA GMBH, ZÜRICH', _binary '',
        '2022-05-22 12:24:05.915410', 1),
       (167, 3.90, 'MasterCard', '2022-05-22 12:08:49.413381', '2022-04-30', 'COOP-4550 BERN RAIL CI, BERN',
        _binary '', '2022-05-22 12:39:55.659664', 1),
       (168, 5.00, 'MasterCard', '2022-05-22 12:08:49.413387', '2022-04-30', 'SBB ZÜRICH, ZÜRICH', _binary '',
        '2022-05-22 12:12:22.616531', 1),
       (169, 12.40, 'MasterCard', '2022-05-22 12:08:49.413394', '2022-04-30', 'SBB CFF FFS MOBILE TIC, BERN',
        _binary '', '2022-05-22 12:24:23.245109', 1),
       (170, 2.95, 'AMEX', '2022-05-22 12:08:49.413400', '2022-04-30', 'COOP-5450 WORBLAUFEN APER, WORBLAUFEN',
        _binary '', '2022-05-22 12:39:55.659685', 1),
       (171, 5.65, 'AMEX', '2022-05-22 12:08:49.413406', '2022-04-30', 'COOP-5450 WORBLAUFEN APER, WORBLAUFEN',
        _binary '', '2022-05-22 12:39:55.659703', 1),
       (172, 14.00, 'AMEX', '2022-05-22 12:08:49.413413', '2022-04-30', 'SBB MOBILE, BERN', _binary '',
        '2022-05-22 12:12:22.616600', 1),
       (173, 5.80, 'AMEX', '2022-05-22 12:08:49.413336', '2022-05-01', 'MCDONALD\'S RESTAURANT NR, BERN', _binary '',
        '2022-05-22 12:31:58.418135', 1),
       (174, 12.50, 'AMEX', '2022-05-22 12:08:49.413343', '2022-05-01', 'SBB MOBILE, BERN', _binary '',
        '2022-05-22 12:12:22.616828', 1),
       (175, 14.00, 'AMEX', '2022-05-22 12:08:49.413314', '2022-05-02', 'MCDONALD\'S, CRISSIER', _binary '',
        '2022-05-22 12:33:52.878712', 1),
       (176, 14.00, 'AMEX', '2022-05-22 12:08:49.413321', '2022-05-02', 'SBB MOBILE, BERN', _binary '',
        '2022-05-22 12:12:22.616885', 1),
       (177, 14.00, 'AMEX', '2022-05-22 12:08:49.413328', '2022-05-02', 'SBB MOBILE, BERN', _binary '',
        '2022-05-22 12:12:22.616949', 1),
       (178, 5.50, 'MasterCard', '2022-05-22 12:08:49.413265', '2022-05-03', 'LA GOLOSA GELATERIA, BERN', _binary '',
        '2022-05-22 12:23:46.647496', 1),
       (179, 103.50, 'MasterCard', '2022-05-22 12:08:49.413277', '2022-05-03', 'NIESENBAHN AG, MÜLENEN', _binary '',
        '2022-05-22 12:33:52.878739', 1),
       (180, 9.90, 'MasterCard', '2022-05-22 12:08:49.413285', '2022-05-03', 'TOOGOODTOG EER2QRMXMD7, TOOGOODTOGO.C',
        _binary '', '2022-05-22 12:39:55.659721', 1),
       (181, 153.85, 'AMEX', '2022-05-22 12:08:49.413292', '2022-05-03', 'COOP-1990 BE C.RYFFLIHOF, BERN', _binary '',
        '2022-05-22 12:39:55.659739', 1),
       (182, 14.95, 'AMEX', '2022-05-22 12:08:49.413305', '2022-05-03', 'COOP-1990 BE C.RYFFLIHOF, BERN', _binary '',
        '2022-05-22 12:39:55.659757', 1),
       (183, 5.50, 'MasterCard', '2022-05-22 12:08:49.413247', '2022-05-04', 'LA GOLOSA GELATERIA, BERN', _binary '',
        '2022-05-22 12:23:46.647551', 1),
       (184, 10.00, 'MasterCard', '2022-05-22 12:08:49.413253', '2022-05-04', 'SUMUP  *QUINNIE CINEMA, BERN',
        _binary '', '2022-05-22 12:33:52.878767', 1),
       (185, 12.50, 'MasterCard', '2022-05-22 12:08:49.413259', '2022-05-04', 'SUMUP  *QUINNIE CINEMA, BERN',
        _binary '', '2022-05-22 12:33:52.878794', 1),
       (186, 14.00, 'MasterCard', '2022-05-22 12:08:49.413237', '2022-05-05', 'CONTACT TAKE AWAY, BERN', _binary '',
        '2022-05-22 12:23:46.647612', 1),
       (187, 0.95, 'MasterCard', '2022-05-22 12:08:49.413175', '2022-05-06', 'LIDL BERN LOEB, BERN', _binary '',
        '2022-05-22 12:24:05.915452', 1),
       (188, 13.30, 'MasterCard', '2022-05-22 12:08:49.413182', '2022-05-06', 'CHANG CHENG TAKE AWAY, BERN',
        _binary '', '2022-05-22 12:26:20.997193', 1),
       (189, 23.00, 'MasterCard', '2022-05-22 12:08:49.413193', '2022-05-06', 'BURGER KING RESTAURANT, BERN',
        _binary '', '2022-05-22 12:33:52.878828', 1),
       (190, 1.00, 'MasterCard', '2022-05-22 12:08:49.413199', '2022-05-06', 'SELECTA AG / PRV, KIRCHBERG BE',
        _binary '', '2022-05-22 12:24:05.915493', 1),
       (191, 19.20, 'MasterCard', '2022-05-22 12:08:49.413205', '2022-05-06', 'SBB CFF FFS MOBILE TIC, BERN',
        _binary '', '2022-05-22 12:12:22.617005', 1),
       (192, 27.10, 'AMEX', '2022-05-22 12:08:49.413211', '2022-05-06', 'MOBILITY CAR SHARING, LUZERN', _binary '',
        '2022-05-22 12:12:22.617056', 1),
       (193, 19.20, 'AMEX', '2022-05-22 12:08:49.413217', '2022-05-06', 'SBB MOBILE, BERN', _binary '',
        '2022-05-22 12:12:22.617109', 1),
       (194, 31.85, 'AMEX', '2022-05-22 12:08:49.413224', '2022-05-06', 'COOP-1990 BE C.RYFFLIHOF, BERN', _binary '',
        '2022-05-22 12:39:55.659774', 1),
       (195, 370.00, 'MasterCard', '2022-05-22 12:08:49.413103', '2022-05-07', 'CHU GARDEN, BERN', _binary '',
        '2022-05-22 12:33:52.878856', 1),
       (196, 21.50, 'MasterCard', '2022-05-22 12:08:49.413110', '2022-05-07', 'AMAVITA BAHNHOF BERN 1, BERN',
        _binary '', '2022-05-22 12:39:49.771274', 1),
       (197, 3.20, 'MasterCard', '2022-05-22 12:08:49.413116', '2022-05-07', 'REINHARD AG, BERN', _binary '',
        '2022-05-22 12:33:52.878884', 1),
       (198, 8.10, 'MasterCard', '2022-05-22 12:08:49.413122', '2022-05-07', 'SBB CFF FFS MOBILE TIC, BERN',
        _binary '', '2022-05-22 12:12:22.617159', 1),
       (199, 11.90, 'MasterCard', '2022-05-22 12:08:49.413128', '2022-05-07', 'SBB CFF FFS MOBILE TIC, BERN',
        _binary '', '2022-05-22 12:12:22.617479', 1),
       (200, 14.30, 'AMEX', '2022-05-22 12:08:49.413134', '2022-05-07', 'COOP-4550 BERN RAIL CITY, BERN', _binary '',
        '2022-05-22 12:39:55.659813', 1),
       (201, 11.25, 'AMEX', '2022-05-22 12:08:49.413146', '2022-05-07', 'COOP-5450 WORBLAUFEN APER, WORBLAUFEN',
        _binary '', '2022-05-22 12:39:55.659833', 1),
       (202, 10.60, 'AMEX', '2022-05-22 12:08:49.413154', '2022-05-07', 'COOP-5450 WORBLAUFEN APER, WORBLAUFEN',
        _binary '', '2022-05-22 12:39:55.659851', 1),
       (203, 8.10, 'AMEX', '2022-05-22 12:08:49.413161', '2022-05-07', 'SBB MOBILE, BERN', _binary '',
        '2022-05-22 12:12:22.617574', 1),
       (204, 11.90, 'AMEX', '2022-05-22 12:08:49.413168', '2022-05-07', 'SBB MOBILE, BERN', _binary '',
        '2022-05-22 12:12:22.617640', 1),
       (205, 21.30, 'MasterCard', '2022-05-22 12:08:49.413064', '2022-05-09', 'ASIAN FOOD IMPORT GMBH, BERN',
        _binary '', '2022-05-22 12:39:55.659870', 1),
       (206, 342.90, 'MasterCard', '2022-05-22 12:08:49.413071', '2022-05-09', 'CC ALIGRO, BERN', _binary '',
        '2022-05-22 12:40:59.975072', 1),
       (207, -36.00, 'AMEX', '2022-05-22 12:08:49.413078', '2022-05-09', 'WWW.ZALANDO.CH, BERLIN', _binary '',
        '2022-05-22 12:36:08.888175', 1),
       (208, 12.50, 'AMEX', '2022-05-22 12:08:49.413084', '2022-05-09', 'COOP-1034 BE BETHLEHEM B+, BERN', _binary '',
        '2022-05-22 12:39:55.659888', 1),
       (209, 38.30, 'AMEX', '2022-05-22 12:08:49.413091', '2022-05-09', 'COOP-3940 BE EUROPAPLATZ, BERN', _binary '',
        '2022-05-22 12:39:55.659906', 1),
       (210, 153.80, 'AMEX', '2022-05-22 12:08:49.413097', '2022-05-09', 'CEBUPACIFIC CEBUPACIFIC, PASAY CITY',
        _binary '', '2022-05-22 12:36:46.157692', 1),
       (211, 5.50, 'MasterCard', '2022-05-22 12:08:49.413028', '2022-05-10', 'LA GOLOSA GELATERIA, BERN', _binary '',
        '2022-05-22 12:23:46.647653', 1),
       (212, 53.00, 'MasterCard', '2022-05-22 12:08:49.413035', '2022-05-10', 'DECATHLON CH, GENEVE', _binary '',
        '2022-05-22 12:23:46.647692', 1),
       (213, 8.90, 'MasterCard', '2022-05-22 12:08:49.413042', '2022-05-10', 'TCHIBO 6174, BERN', _binary '',
        '2022-05-22 12:24:05.915534', 1),
       (214, 43.00, 'MasterCard', '2022-05-22 12:08:49.413048', '2022-05-10', 'STB TRAININGSZENTRUMS, BERN',
        _binary '', '2022-05-22 12:23:46.647744', 1),
       (215, 2.95, 'AMEX', '2022-05-22 12:08:49.413054', '2022-05-10', 'MIGROS BUBENBERG (4440), BERN', _binary '',
        '2022-05-22 12:23:46.647784', 1),
       (216, 23.00, 'AMEX', '2022-05-22 12:08:49.412990', '2022-05-11', 'GOTCOURTS* TIVOLI CENT, ZURICH', _binary '',
        '2022-05-22 12:23:46.647822', 1),
       (217, 16.00, 'MasterCard', '2022-05-22 12:08:49.412997', '2022-05-11', 'CAFE-BAR TURNHALLE, BERN', _binary '',
        '2022-05-22 12:23:46.647921', 1),
       (218, 28.00, 'MasterCard', '2022-05-22 12:08:49.413004', '2022-05-11', 'CAFE-BAR TURNHALLE, BERN', _binary '',
        '2022-05-22 12:23:46.647973', 1),
       (219, -34.95, 'AMEX', '2022-05-22 12:08:49.413016', '2022-05-11', 'WWW.ZALANDO.CH, BERLIN', _binary '',
        '2022-05-22 12:37:05.253729', 1),
       (220, 5.50, 'MasterCard', '2022-05-22 12:08:49.412976', '2022-05-12', 'LA GOLOSA GELATERIA, BERN', _binary '',
        '2022-05-22 12:23:46.648014', 1),
       (221, 20.40, 'AMEX', '2022-05-22 12:08:49.412983', '2022-05-12', 'JUSTEAT, ZURICH', _binary '',
        '2022-05-22 12:33:52.878911', 1),
       (222, 3.55, 'MasterCard', '2022-05-22 12:08:49.412966', '2022-05-13', 'MIGROS MM BERN CHRISTO, BERN',
        _binary '', '2022-05-22 12:39:55.659924', 1),
       (223, 3.80, 'AMEX', '2022-05-22 12:08:49.411796', '2022-05-14', 'COOP-5450 WORBLAUFEN APER, WORBLAUFEN',
        _binary '', '2022-05-22 12:39:55.659942', 1),
       (224, 8.50, 'MasterCard', '2022-05-22 12:08:49.411719', '2022-05-16', 'TEA ONE, BERN', _binary '',
        '2022-05-22 12:23:46.648052', 1),
       (225, 5.80, 'AMEX', '2022-05-22 12:08:49.361475', '2022-05-17', 'MCDONALD\'S RESTAURANT NR, BERN', _binary '',
        '2022-05-22 12:23:46.648102', 1),
       (226, 35.35, 'MasterCard', '2022-05-22 12:08:49.366108', '2022-05-17', 'MIGROS MM BAHNHOF BERN, BERN',
        _binary '', '2022-05-22 12:39:55.659960', 1),
       (227, 27.00, 'MasterCard', '2022-05-22 12:08:49.361269', '2022-05-18', 'EINSTEIN KAFFEE AG, BERN', _binary '',
        '2022-05-22 12:23:46.648147', 1),
       (228, 35.00, 'MasterCard', '2022-05-22 12:08:49.361276', '2022-05-18', 'THE NEST, ZÜRICH', _binary '',
        '2022-05-22 12:24:05.915574', 1),
       (229, 4.80, 'MasterCard', '2022-05-22 12:08:49.361286', '2022-05-18', 'IL BARETTO, ZÜRICH', _binary '',
        '2022-05-22 12:24:05.915614', 1),
       (230, 3.20, 'MasterCard', '2022-05-22 12:08:49.361293', '2022-05-18', 'YUMIHANA, ZÜRICH', _binary '',
        '2022-05-22 12:24:05.915654', 1),
       (231, 10.80, 'MasterCard', '2022-05-22 12:08:49.361301', '2022-05-18', 'REINHARD AG, BERN', _binary '',
        '2022-05-22 12:39:55.659978', 1),
       (232, 6.20, 'MasterCard', '2022-05-22 12:08:49.361465', '2022-05-18', 'SBB CFF FFS MOBILE TIC, BERN',
        _binary '', '2022-05-22 12:12:22.617701', 1),
       (233, 34.00, 'MasterCard', '2022-05-22 12:08:49.361221', '2022-05-19', 'BEST WESTERN HOTEL BER, BERN',
        _binary '', '2022-05-22 12:24:05.915717', 1),
       (234, 18.50, 'MasterCard', '2022-05-22 12:08:49.361228', '2022-05-19', 'MANOR AG - 862, BERN', _binary '',
        '2022-05-22 12:24:05.915761', 1),
       (235, 26.50, 'MasterCard', '2022-05-22 12:08:49.361236', '2022-05-19', 'ADRIANOS KAFFEELADEN, BERN', _binary '',
        '2022-05-22 12:24:05.915804', 1),
       (236, 6.50, 'MasterCard', '2022-05-22 12:08:49.361243', '2022-05-19', 'COOP-5457 BERN RBS, BERN', _binary '',
        '2022-05-22 12:24:05.915845', 1),
       (237, 3.95, 'MasterCard', '2022-05-22 12:08:49.361249', '2022-05-19', 'COOP-4550 BERN RAIL CI, BERN',
        _binary '', '2022-05-22 12:24:05.915885', 1),
       (238, 17.00, 'MasterCard', '2022-05-22 12:08:49.361256', '2022-05-19', 'COOP-1990 BE C.RYFFLIH, BERN',
        _binary '', '2022-05-22 12:39:55.660010', 1),
       (239, 14.00, 'AMEX', '2022-05-22 12:08:49.361262', '2022-05-19', 'SBB MOBILE, BERN', _binary '',
        '2022-05-22 12:12:22.617749', 1),
       (240, 13.50, 'AMEX', '2022-05-22 12:08:49.361187', '2022-05-20', 'TRAVEL COMFORT PLUS', _binary '',
        '2022-05-22 12:13:11.961927', 1);
/*!40000 ALTER TABLE `scanned_transaction`
    ENABLE KEYS */;
UNLOCK TABLES;

--
-- Table structure for table `scanned_transaction_seq`
--

DROP TABLE IF EXISTS `scanned_transaction_seq`;
/*!40101 SET @saved_cs_client = @@character_set_client */;
/*!50503 SET character_set_client = utf8mb4 */;
CREATE TABLE `scanned_transaction_seq`
(
    `next_val` bigint(20) DEFAULT NULL
) ENGINE = InnoDB
  DEFAULT CHARSET = utf8mb4
  COLLATE = utf8mb4_0900_ai_ci;
/*!40101 SET character_set_client = @saved_cs_client */;

--
-- Dumping data for table `scanned_transaction_seq`
--

LOCK TABLES `scanned_transaction_seq` WRITE;
/*!40000 ALTER TABLE `scanned_transaction_seq`
    DISABLE KEYS */;
INSERT INTO `scanned_transaction_seq`
VALUES (301);
/*!40000 ALTER TABLE `scanned_transaction_seq`
    ENABLE KEYS */;
UNLOCK TABLES;


--
-- Table structure for table `virtual_account`
--

DROP TABLE IF EXISTS `virtual_account`;
/*!40101 SET @saved_cs_client = @@character_set_client */;
/*!50503 SET character_set_client = utf8mb4 */;
CREATE TABLE `virtual_account`
(
    `id`                    int(11) NOT NULL,
    `balance`               float   NOT NULL,
    `creation_date`         datetime(6)  DEFAULT NULL,
    `is_deleted`            bit(1)  NOT NULL,
    `name`                  varchar(255) DEFAULT NULL,
    `update_date`           datetime(6)  DEFAULT NULL,
    `underlying_account_id` int(11)      DEFAULT NULL,
    PRIMARY KEY (`id`),
    KEY `FKnhf5lee723ygylk0fo24my6d1` (`underlying_account_id`),
    CONSTRAINT `FKnhf5lee723ygylk0fo24my6d1` FOREIGN KEY (`underlying_account_id`) REFERENCES `real_account` (`id`)
) ENGINE = InnoDB
  DEFAULT CHARSET = utf8mb4
  COLLATE = utf8mb4_0900_ai_ci;
/*!40101 SET character_set_client = @saved_cs_client */;

--
-- Dumping data for table `virtual_account`
--

LOCK TABLES `virtual_account` WRITE;
/*!40000 ALTER TABLE `virtual_account`
    DISABLE KEYS */;
INSERT INTO `virtual_account`
VALUES (1, 0, '2022-01-29 11:35:03.373768', _binary '\0', 'Taxes', '2022-01-29 11:35:11.272471', 3),
       (2, 0, '2022-01-29 11:37:03.055377', _binary '\0', 'Miles & More', NULL, 4),
       (3, 0, '2022-01-29 11:37:08.634608', _binary '\0', 'Bonviva', '2022-01-29 11:38:58.762036', 4),
       (4, 0, '2022-01-29 11:37:15.085962', _binary '\0', 'Checking', '2022-01-29 11:37:56.257399', 1),
       (5, 0, '2022-01-29 11:38:07.894521', _binary '\0', 'Electricity/ Laundry', '2022-01-29 11:44:54.097392', 1),
       (6, 0, '2022-01-29 11:38:25.048416', _binary '\0', 'General Expenses', NULL, 1),
       (7, 0, '2022-01-29 11:38:35.598425', _binary '\0', 'Health Savings', NULL, 1),
       (8, 0, '2022-01-29 11:39:15.075148', _binary '\0', 'Going Out', NULL, 5),
       (9, 0, '2022-01-29 11:39:21.650992', _binary '\0', 'Groceries', NULL, 5),
       (10, 0, '2022-01-29 11:39:29.198048', _binary '\0', 'Lunch Cyrill', '2022-01-29 11:39:33.063765', 5),
       (11, 0, '2022-01-29 11:39:39.166119', _binary '\0', 'Lunch Lyka', NULL, 5),
       (12, 0, '2022-01-29 11:39:48.906552', _binary '\0', 'Transportation', NULL, 5),
       (13, 0, '2022-01-29 11:40:14.899588', _binary '\0', 'Vacation', NULL, 3),
       (14, 0, '2022-01-29 11:40:20.396455', _binary '\0', 'Tuition', NULL, 3),
       (15, 0, '2022-01-29 11:41:14.337611', _binary '\0', 'Health Insurance', NULL, 7),
       (16, 0, '2022-01-29 11:41:18.332242', _binary '\0', 'Rent', NULL, 7),
       (17, 0, '2022-01-29 11:41:24.755715', _binary '\0', 'Insurance', NULL, 7),
       (18, 0, '2022-01-29 11:41:36.599230', _binary '\0', 'Pillar 3a', NULL, 7),
       (19, 0, '2022-01-29 11:41:48.365738', _binary '\0', 'Internet & Phone', NULL, 7),
       (20, 0, '2022-01-29 11:42:00.378505', _binary '\0', 'Salary Cyrill', '2022-01-29 11:42:45.158712', 6),
       (21, 0, '2022-01-29 11:42:08.354833', _binary '\0', 'Prebudget Surplus', NULL, 6),
       (22, 0, '2022-01-29 11:42:13.811965', _binary '\0', 'Other', NULL, 6),
       (23, 0, '2022-01-29 11:42:22.289125', _binary '\0', 'Salary Lyka', '2022-01-29 11:42:39.098446', 6),
       (24, 0, '2022-01-29 11:43:12.243947', _binary '\0', 'Taxes', NULL, 8),
       (25, 0, '2022-01-29 11:43:21.047746', _binary '\0', 'Furniture', NULL, 8),
       (26, 0, '2022-01-29 11:43:28.759538', _binary '\0', 'Laundery', NULL, 8),
       (27, 0, '2022-01-29 11:43:34.297100', _binary '\0', 'Transp', NULL, 8),
       (28, 0, '2022-01-29 11:43:40.318751', _binary '\0', 'Travel', NULL, 8),
       (29, 0, '2022-01-29 11:43:53.283553', _binary '\0', 'Clothes', NULL, 8),
       (30, 0, '2022-01-29 11:43:58.077255', _binary '\0', 'Other', NULL, 8),
       (31, 0, '2022-01-29 11:45:50.651658', _binary '\0', 'Insurance', NULL, 2),
       (32, 0, '2022-01-29 11:45:59.277564', _binary '\0', 'Libero Cyrill', NULL, 2),
       (33, 0, '2022-01-29 11:46:05.217077', _binary '\0', 'Libera Lyka', NULL, 2),
       (52, 0, '2022-03-26 14:38:53.386778', _binary '\0', '_13th Salary', '2022-03-26 14:39:08.124185', 1);
/*!40000 ALTER TABLE `virtual_account`
    ENABLE KEYS */;
UNLOCK TABLES;

--
-- Table structure for table `virtual_account_seq`
--

DROP TABLE IF EXISTS `virtual_account_seq`;
/*!40101 SET @saved_cs_client = @@character_set_client */;
/*!50503 SET character_set_client = utf8mb4 */;
CREATE TABLE `virtual_account_seq`
(
    `next_val` bigint(20) DEFAULT NULL
) ENGINE = InnoDB
  DEFAULT CHARSET = utf8mb4
  COLLATE = utf8mb4_0900_ai_ci;
/*!40101 SET character_set_client = @saved_cs_client */;

--
-- Dumping data for table `virtual_account_seq`
--

LOCK TABLES `virtual_account_seq` WRITE;
/*!40000 ALTER TABLE `virtual_account_seq`
    DISABLE KEYS */;
INSERT INTO `virtual_account_seq`
VALUES (151);
/*!40000 ALTER TABLE `virtual_account_seq`
    ENABLE KEYS */;
UNLOCK TABLES;
--
-- Table structure for table `transaction`
--

DROP TABLE IF EXISTS `transaction`;
/*!40101 SET @saved_cs_client = @@character_set_client */;
/*!50503 SET character_set_client = utf8mb4 */;
CREATE TABLE `transaction`
(
    `id`                   int(11) NOT NULL,
    `budgeted_amount`      float   NOT NULL,
    `creation_date`        datetime(6)  DEFAULT NULL,
    `date`                 date         DEFAULT NULL,
    `description`          varchar(255) DEFAULT NULL,
    `effective_amount`     float   NOT NULL,
    `indication_value`     int(11) NOT NULL,
    `payment_status_value` int(11) NOT NULL,
    `payment_type_value`   int(11) NOT NULL,
    `update_date`          datetime(6)  DEFAULT NULL,
    `credited_account_id`  int(11)      DEFAULT NULL,
    `debited_account_id`   int(11)      DEFAULT NULL,
    PRIMARY KEY (`id`),
    KEY `FKgx2vurkt2voabemqqxdl45jsn` (`credited_account_id`),
    KEY `FKkwo2q193f7ndlfypq5it4h1pj` (`debited_account_id`),
    CONSTRAINT `FKgx2vurkt2voabemqqxdl45jsn` FOREIGN KEY (`credited_account_id`) REFERENCES `virtual_account` (`id`),
    CONSTRAINT `FKkwo2q193f7ndlfypq5it4h1pj` FOREIGN KEY (`debited_account_id`) REFERENCES `virtual_account` (`id`)
) ENGINE = InnoDB
  DEFAULT CHARSET = utf8mb4
  COLLATE = utf8mb4_0900_ai_ci;
/*!40101 SET character_set_client = @saved_cs_client */;

--
-- Dumping data for table `transaction`
--

LOCK TABLES `transaction` WRITE;
/*!40000 ALTER TABLE `transaction`
    DISABLE KEYS */;
INSERT INTO `transaction`
VALUES (1, 0, '2022-01-29 11:51:44.628385', '2021-12-25', 'Balance', 340.22, 1, 3, 1, '2022-01-29 11:51:44.652596', 22,
        31),
       (2, 0, '2022-01-29 11:50:37.595632', '2021-12-29', 'Balance', 558, 1, 3, 1, NULL, 22, 33),
       (3, 0, '2022-01-29 12:52:35.277229', '2021-12-25', 'Balance', 385, 1, 3, 1, '2022-01-29 12:52:35.357042', 22,
        32),
       (4, 0, '2022-01-29 11:57:07.913088', '2021-12-25', 'Balance', 2639.7, 1, 3, 1, NULL, 22, 1),
       (5, 0, '2022-01-29 12:00:22.007978', '2021-12-25', 'Electricity', 421, 1, 3, 1, NULL, 22, 5),
       (6, 0, '2022-01-29 12:00:49.979567', '2021-12-25', 'General Savings', 500, 1, 3, 1, NULL, 22, 6),
       (7, 0, '2022-01-29 12:01:19.061837', '2021-12-25', 'Health Savings', 230, 1, 3, 1, NULL, 22, 7),
       (8, 0, '2022-01-29 12:57:23.433227', '2021-12-25', 'Checking', 10391, 1, 3, 1, '2022-01-29 12:57:23.525578', 22,
        4),
       (9, 800, '2022-01-29 12:08:11.245975', '2022-01-29', 'Groceries', 0, 1, 1, 1, '2022-01-29 12:08:11.296234', 2,
        9),
       (10, 300, '2022-01-29 12:12:29.413410', '2022-01-29', 'Lunch Cyrill', 0, 1, 1, 1, '2022-01-29 12:12:29.493564',
        2, 10),
       (11, 300, '2022-01-29 12:09:08.240345', '2022-01-29', 'Lunch Lyka', 0, 1, 1, 1, '2022-01-29 12:09:08.304029', 2,
        11),
       (12, 13.5, '2022-01-29 12:40:21.520606', '2022-01-29', 'Interest & Insurance', 13.5, 1, 3, 1,
        '2022-01-29 12:40:21.611304', 2, 30),
       (13, 300, '2022-01-29 12:10:25.156106', '2022-01-29', 'Going out', 0, 1, 3, 1, NULL, 2, 8),
       (14, 200, '2022-01-29 12:10:57.085609', '2022-01-29', 'Transpo', 0, 1, 3, 1, NULL, 2, 12),
       (15, 1923.5, '2022-01-29 12:50:05.525798', '2022-01-29', 'Payment Credit Card', 2301, 1, 3, 1,
        '2022-01-29 12:50:05.618699', 4, 2),
       (16, 7865.6, '2022-01-29 12:16:12.745170', '2022-01-29', 'Salary', 7865.6, 1, 1, 1, '2022-01-29 12:16:12.816302',
        20, 4),
       (17, 794.15, '2022-01-29 12:54:46.894701', '2022-01-29', 'Health Insurance ', 794.15, 1, 3, 1,
        '2022-01-29 12:54:46.985950', 4, 15),
       (18, 1356, '2022-01-29 12:54:54.193179', '2022-01-29', 'Rent', 1356, 1, 3, 1, '2022-01-29 12:54:54.285305', 4,
        16),
       (19, 25, '2022-01-29 12:54:39.858834', '2022-01-29', 'Phone', 25, 1, 3, 1, '2022-01-29 12:54:39.948728', 4, 19),
       (20, 45, '2022-01-29 12:54:34.842728', '2022-01-29', 'Internet', 45, 1, 3, 1, '2022-01-29 12:54:34.932161', 4,
        19),
       (21, 100.1, '2022-01-29 12:54:23.603619', '2022-01-29', 'Life Insurance', 100.1, 1, 3, 1,
        '2022-01-29 12:54:23.692413', 4, 18),
       (22, 100, '2022-01-29 12:54:28.348037', '2022-01-29', 'Pillar 3a AXA', 100, 1, 3, 2,
        '2022-01-29 12:54:28.436988', 4, 18),
       (23, 15, '2022-01-29 12:54:11.218381', '2022-01-29', 'Netflix', 15, 1, 3, 1, '2022-01-29 12:54:11.308093', 4,
        30),
       (24, 10, '2022-01-29 12:40:31.471379', '2022-01-29', 'Apple Subscription', 10, 1, 3, 1,
        '2022-01-29 12:40:31.561505', 2, 30),
       (25, 0, '2022-01-29 12:33:20.660545', '2022-01-29', 'Groceries', 1061.7, 1, 3, 3, NULL, 2, 9),
       (26, 0, '2022-01-29 12:33:46.412292', '2022-01-29', 'Lunch Cyrill', 514.6, 1, 3, 1, NULL, 2, 10),
       (27, 0, '2022-01-29 12:34:14.214585', '2022-01-29', 'Lunch Lyka', 99.9, 1, 3, 1, '2022-01-29 12:34:14.302727', 2,
        11),
       (28, 0, '2022-01-29 12:34:33.487177', '2022-01-29', 'Going out', 153.8, 1, 3, 1, NULL, 2, 8),
       (29, 0, '2022-01-29 12:36:25.931487', '2022-01-29', 'Vacay us', 500, 1, 3, 1, NULL, 2, 28),
       (30, 0, '2022-01-29 12:36:51.966651', '2022-01-29', 'Spendings zurich', 500, 1, 3, 1, NULL, 4, 2),
       (31, 0, '2022-01-29 12:37:36.769094', '2022-01-29', 'Vacy Lyka', 168.95, 1, 3, 1, NULL, 2, 11),
       (32, 0, '2022-01-29 12:38:18.370914', '2022-01-29', 'Transpo', 278.55, 1, 3, 1, '2022-01-29 12:38:18.461731', 2,
        12),
       (33, 0, '2022-01-29 12:38:44.684086', '2022-01-29', 'Clothes', 307, 1, 3, 1, NULL, 4, 2),
       (34, 0, '2022-01-29 12:39:07.095557', '2022-01-29', 'Clothes clothes', 307, 1, 3, 1, NULL, 2, 29),
       (35, 0, '2022-01-29 12:39:31.879367', '2022-01-29', 'General spendings', 387.85, 1, 3, 1, NULL, 2, 30),
       (36, 0, '2022-01-29 12:39:53.190919', '2022-01-29', 'General spendings', 387.85, 1, 3, 1, NULL, 4, 2),
       (37, 0, '2022-01-29 12:44:17.856351', '2022-01-29', 'Lyka spending for cookies', 12, 1, 3, 1, NULL, 11, 9),
       (38, 0, '2022-01-29 12:46:00.966391', '2022-01-29', 'Spesen', 17.55, 1, 3, 1, NULL, 4, 22),
       (39, 0, '2022-01-29 12:47:21.206869', '2022-01-29', 'Pllar 3a', 200, 1, 3, 1, NULL, 4, 18),
       (40, 365, '2022-01-29 12:48:54.656071', '2022-01-29', 'Searfe', 285, 1, 3, 1, NULL, 5, 30),
       (41, 0, '2022-01-29 12:55:12.250213', '2022-01-29', 'Payback Taxes', 249.45, 1, 3, 1,
        '2022-01-29 12:55:12.337995', 22, 4),
       (42, 0, '2022-01-29 12:58:27.903302', '2021-12-25', 'Fix', 0.05, 1, 3, 1, NULL, 22, 4),
       (43, 0, '2022-01-29 13:06:23.207351', '2022-01-29', 'Payback Cyrill', 214.6, 1, 3, 1, NULL, 10, 4),
       (44, 0, '2022-01-29 13:07:15.480311', '2022-01-29', 'Surplus lyka', 43.15, 1, 3, 3, NULL, 4, 11),
       (45, 50, '2022-01-29 13:09:06.699979', '2022-01-29', 'Hairdresser', 50, 1, 3, 1, NULL, 4, 30),
       (46, 80, '2022-01-29 13:09:59.580578', '2022-01-29', 'Rega', 80, 1, 3, 1, NULL, 6, 30),
       (47, 120, '2022-01-30 12:19:00.596596', '2022-01-30', 'Electricity ', 120, 1, 3, 1, NULL, 4, 5),
       (48, 80, '2022-01-30 12:19:35.083814', '2022-01-30', 'Libero Lyka', 80, 1, 3, 1, NULL, 4, 33),
       (50, 80, '2022-01-30 12:20:04.777183', '2022-01-30', 'Libero Cyrill', 80, 1, 3, 1, NULL, 4, 32),
       (51, 60, '2022-01-30 12:20:29.895896', '2022-01-30', 'Insurance', 60, 1, 3, 1, NULL, 4, 31),
       (52, 0, '2022-01-30 12:44:25.075389', '2022-01-30', 'Health savings', 400, 1, 3, 1, '2022-01-30 12:44:25.170880',
        4, 7),
       (53, 632, '2022-01-30 12:21:20.337920', '2022-01-30', 'Tuition', 632, 1, 3, 1, NULL, 4, 14),
       (54, 18150, '2022-03-27 12:48:41.299693', '2022-02-23', 'Bill school', 18150, 1, 3, 1,
        '2022-03-27 12:48:41.409106', 4, 30),
       (55, 7669.25, '2022-03-27 12:48:47.840686', '2022-02-25', 'Salary', 7669.25, 1, 3, 1,
        '2022-03-27 12:48:47.943339', 20, 4),
       (56, 7669.25, '2022-03-27 12:01:36.291416', '2022-03-25', 'Salary', 9630.4, 1, 3, 1,
        '2022-03-27 12:01:36.470849', 20, 4),
       (57, 7363.6, '2022-04-24 11:43:33.945775', '2022-04-25', 'Salary', 7363.6, 1, 3, 1, '2022-04-24 11:43:34.097894',
        20, 4),
       (66, 7900, '2022-01-30 12:50:18.665598', '2023-01-25', 'Salary', 0, 1, 1, 1, NULL, 20, 4),
       (67, 7363.6, '2022-05-22 13:19:22.907649', '2022-05-25', 'Salary', 7363.6, 1, 3, 1, '2022-05-22 13:19:23.015666',
        20, 4),
       (68, 7363.6, '2022-04-24 11:44:14.819041', '2022-06-25', 'Salary', 0, 1, 1, 1, '2022-04-24 11:44:14.914862', 20,
        4),
       (69, 7363.6, '2022-04-24 11:44:27.924119', '2022-07-25', 'Salary', 0, 1, 1, 1, '2022-04-24 11:44:28.034262', 20,
        4),
       (70, 7363.6, '2022-04-24 11:45:08.972417', '2022-08-25', 'Salary', 0, 1, 1, 1, '2022-04-24 11:45:09.077910', 20,
        4),
       (71, 7363.6, '2022-04-24 11:45:21.274804', '2022-09-25', 'Salary', 0, 1, 1, 1, '2022-04-24 11:45:21.396461', 20,
        4),
       (72, 7363.6, '2022-04-24 11:46:01.837275', '2022-10-25', 'Salary', 0, 1, 1, 1, '2022-04-24 11:46:01.959791', 20,
        4),
       (73, 7363.6, '2022-04-24 11:46:11.437717', '2022-11-25', 'Salary', 0, 1, 1, 1, '2022-04-24 11:46:11.555358', 20,
        4),
       (74, 7363.6, '2022-04-24 11:46:21.707676', '2022-12-25', 'Salary', 0, 1, 1, 1, '2022-04-24 11:46:21.836641', 20,
        4),
       (75, 7850, '2022-01-30 12:52:22.559350', '2023-01-25', 'Salary', 0, 1, 1, 1, NULL, 20, 4),
       (76, 25, '2022-03-27 12:48:54.580217', '2022-02-25', 'Phone', 25, 1, 3, 3, '2022-03-27 12:48:54.689075', 4, 19),
       (77, 25, '2022-03-27 12:45:40.351198', '2022-03-25', 'Phone', 45, 1, 3, 3, '2022-03-27 12:45:40.460937', 4, 19),
       (78, 50, '2022-04-24 12:46:45.667584', '2022-04-25', 'Phone', 25, 1, 3, 3, '2022-04-24 12:46:45.787035', 4, 19),
       (79, 50, '2022-05-22 14:07:25.518842', '2022-05-25', 'Phone', 89.2, 1, 3, 3, '2022-05-22 14:07:25.636592', 4,
        19),
       (80, 50, '2022-04-24 11:47:46.888394', '2022-06-25', 'Phone', 0, 1, 1, 3, '2022-04-24 11:47:47.005416', 4, 19),
       (81, 50, '2022-04-24 11:47:39.806143', '2022-07-25', 'Phone', 0, 1, 1, 3, '2022-04-24 11:47:39.924085', 4, 19),
       (82, 50, '2022-04-24 11:47:20.565977', '2022-08-25', 'Phone', 0, 1, 1, 3, '2022-04-24 11:47:20.689614', 4, 19),
       (83, 50, '2022-04-24 11:47:07.269441', '2022-09-25', 'Phone', 0, 1, 1, 3, '2022-04-24 11:47:07.387626', 4, 19),
       (84, 50, '2022-04-24 11:46:59.573442', '2022-10-25', 'Phone', 0, 1, 1, 3, '2022-04-24 11:46:59.722117', 4, 19),
       (85, 50, '2022-04-24 11:46:38.406114', '2022-11-25', 'Phone', 0, 1, 1, 3, '2022-04-24 11:46:38.508606', 4, 19),
       (86, 50, '2022-04-24 11:46:31.435674', '2022-12-25', 'Phone', 0, 1, 1, 3, '2022-04-24 11:46:31.556344', 4, 19),
       (87, 25, '2022-01-30 12:53:39.408007', '2023-01-25', 'Phone', 0, 1, 1, 3, NULL, 4, 19),
       (88, 45, '2022-03-27 12:48:59.258875', '2022-02-25', 'Internet', 45, 1, 3, 3, '2022-03-27 12:48:59.335923', 4,
        19),
       (89, 45, '2022-03-27 11:25:41.534872', '2022-03-25', 'Internet', 45, 1, 3, 3, '2022-03-27 11:25:41.639959', 4,
        19),
       (90, 45, '2022-04-24 12:46:49.043695', '2022-04-25', 'Internet', 45, 1, 3, 3, '2022-04-24 12:46:49.161253', 4,
        19),
       (91, 45, '2022-05-22 14:07:40.085767', '2022-05-25', 'Internet', 45, 1, 3, 3, '2022-05-22 14:07:40.214578', 4,
        19),
       (92, 45, '2022-01-30 12:54:02.846550', '2022-06-25', 'Internet', 0, 1, 1, 3, NULL, 4, 19),
       (93, 45, '2022-01-30 12:54:02.846638', '2022-07-25', 'Internet', 0, 1, 1, 3, NULL, 4, 19),
       (94, 45, '2022-01-30 12:54:02.846726', '2022-08-25', 'Internet', 0, 1, 1, 3, NULL, 4, 19),
       (95, 45, '2022-01-30 12:54:02.846828', '2022-09-25', 'Internet', 0, 1, 1, 3, NULL, 4, 19),
       (96, 45, '2022-01-30 12:54:02.846926', '2022-10-25', 'Internet', 0, 1, 1, 3, NULL, 4, 19),
       (97, 45, '2022-01-30 12:54:02.847013', '2022-11-25', 'Internet', 0, 1, 1, 3, NULL, 4, 19),
       (98, 45, '2022-01-30 12:54:02.847098', '2022-12-25', 'Internet', 0, 1, 1, 3, NULL, 4, 19),
       (99, 45, '2022-01-30 12:54:02.847183', '2023-01-25', 'Internet', 0, 1, 1, 3, NULL, 4, 19),
       (100, 15, '2022-03-27 12:49:07.494486', '2022-02-25', 'Netflix', 15, 1, 3, 2, '2022-03-27 12:49:07.595816', 4,
        19),
       (101, 15, '2022-03-27 11:25:47.321652', '2022-03-25', 'Netflix', 15, 1, 3, 2, '2022-03-27 11:25:47.433334', 4,
        19),
       (102, 15, '2022-04-24 11:55:42.665009', '2022-04-25', 'Netflix', 15, 1, 3, 2, '2022-04-24 11:55:42.804454', 4,
        19),
       (103, 15, '2022-05-22 14:07:49.216764', '2022-05-25', 'Netflix', 15, 1, 3, 2, '2022-05-22 14:07:49.344859', 4,
        19),
       (104, 15, '2022-01-30 12:55:25.662237', '2022-06-25', 'Netflix', 0, 1, 1, 2, NULL, 4, 19),
       (105, 15, '2022-01-30 12:55:25.662323', '2022-07-25', 'Netflix', 0, 1, 1, 2, NULL, 4, 19),
       (106, 15, '2022-01-30 12:55:25.662414', '2022-08-25', 'Netflix', 0, 1, 1, 2, NULL, 4, 19),
       (107, 15, '2022-01-30 12:55:25.662500', '2022-09-25', 'Netflix', 0, 1, 1, 2, NULL, 4, 19),
       (108, 15, '2022-01-30 12:55:25.662586', '2022-10-25', 'Netflix', 0, 1, 1, 2, NULL, 4, 19),
       (109, 15, '2022-01-30 12:55:25.662703', '2022-11-25', 'Netflix', 0, 1, 1, 2, NULL, 4, 19),
       (110, 15, '2022-01-30 12:55:25.662798', '2022-12-25', 'Netflix', 0, 1, 1, 2, NULL, 4, 19),
       (111, 15, '2022-01-30 12:55:25.662892', '2023-01-25', 'Netflix', 0, 1, 1, 2, NULL, 4, 19),
       (112, 1356, '2022-03-27 12:49:12.364804', '2022-02-25', 'Rent', 1356, 1, 3, 2, '2022-03-27 12:49:12.473183', 4,
        16),
       (113, 1356, '2022-03-27 11:25:52.644886', '2022-03-25', 'Rent', 1356, 1, 3, 2, '2022-03-27 11:25:52.751763', 4,
        16),
       (114, 1356, '2022-04-24 11:55:49.783806', '2022-04-25', 'Rent', 1356, 1, 3, 2, '2022-04-24 11:55:49.909296', 4,
        16),
       (115, 1356, '2022-05-22 14:08:03.923879', '2022-05-25', 'Rent', 1356, 1, 3, 2, '2022-05-22 14:08:04.051234', 4,
        16),
       (116, 1356, '2022-01-30 12:55:55.942558', '2022-06-25', 'Rent', 0, 1, 1, 2, NULL, 4, 16),
       (117, 1356, '2022-01-30 12:55:55.942659', '2022-07-25', 'Rent', 0, 1, 1, 2, NULL, 4, 16),
       (118, 1356, '2022-01-30 12:55:55.942755', '2022-08-25', 'Rent', 0, 1, 1, 2, NULL, 4, 16),
       (119, 1356, '2022-01-30 12:55:55.942848', '2022-09-25', 'Rent', 0, 1, 1, 2, NULL, 4, 16),
       (120, 1356, '2022-01-30 12:55:55.942942', '2022-10-25', 'Rent', 0, 1, 1, 2, NULL, 4, 16),
       (121, 1356, '2022-01-30 12:55:55.943034', '2022-11-25', 'Rent', 0, 1, 1, 2, NULL, 4, 16),
       (122, 1356, '2022-01-30 12:55:55.943127', '2022-12-25', 'Rent', 0, 1, 1, 2, NULL, 4, 16),
       (123, 1356, '2022-01-30 12:55:55.943220', '2023-01-25', 'Rent', 0, 1, 1, 2, NULL, 4, 16),
       (124, 400.1, '2022-03-27 12:49:16.188355', '2022-02-25', 'Pillar 3', 400.1, 1, 3, 2,
        '2022-03-27 12:49:16.300934', 4, 18),
       (125, 794.15, '2022-03-27 12:49:19.898246', '2022-02-25', 'Health insurance', 794.15, 1, 3, 3,
        '2022-03-27 12:49:19.993109', 4, 15),
       (126, 400.1, '2022-03-27 11:25:58.024377', '2022-03-25', 'Pillar 3', 400.1, 1, 3, 2,
        '2022-03-27 11:25:58.109545', 4, 18),
       (127, 200.1, '2022-04-24 11:55:53.307669', '2022-04-25', 'Pillar 3', 200.1, 1, 3, 2,
        '2022-04-24 11:55:53.381551', 4, 18),
       (128, 200.1, '2022-05-22 14:08:10.337473', '2022-05-25', 'Pillar 3', 200.1, 1, 3, 2,
        '2022-05-22 14:08:10.464618', 4, 18),
       (129, 200.1, '2022-04-24 11:47:52.011633', '2022-06-25', 'Pillar 3', 0, 1, 1, 2, '2022-04-24 11:47:52.129676', 4,
        18),
       (130, 200.1, '2022-04-24 11:47:35.376269', '2022-07-25', 'Pillar 3', 0, 1, 1, 2, '2022-04-24 11:47:35.493272', 4,
        18),
       (131, 200.1, '2022-04-24 11:47:26.957288', '2022-08-25', 'Pillar 3', 0, 1, 1, 2, '2022-04-24 11:47:27.078295', 4,
        18),
       (132, 200.1, '2022-04-24 11:47:13.098078', '2022-09-25', 'Pillar 3', 0, 1, 1, 2, '2022-04-24 11:47:13.215854', 4,
        18),
       (133, 200.1, '2022-04-24 11:46:52.688866', '2022-10-25', 'Pillar 3', 0, 1, 1, 2, '2022-04-24 11:46:52.867276', 4,
        18),
       (134, 200.1, '2022-04-24 11:46:45.096710', '2022-11-25', 'Pillar 3', 0, 1, 1, 2, '2022-04-24 11:46:45.178787', 4,
        18),
       (135, 400.1, '2022-01-30 12:58:37.329917', '2022-12-25', 'Pillar 3', 0, 1, 1, 2, NULL, 4, 18),
       (136, 400.1, '2022-01-30 12:58:37.330019', '2023-01-25', 'Pillar 3', 0, 1, 1, 2, NULL, 4, 18),
       (137, 794.15, '2022-03-27 11:26:07.016266', '2022-03-25', 'Health insurance', 794.15, 1, 3, 3,
        '2022-03-27 11:26:07.120901', 4, 15),
       (138, 794.15, '2022-04-24 11:55:57.666739', '2022-04-25', 'Health insurance', 794.15, 1, 3, 3,
        '2022-04-24 11:55:57.786670', 4, 15),
       (139, 794.15, '2022-05-22 14:08:15.912429', '2022-05-25', 'Health insurance', 794.15, 1, 3, 3,
        '2022-05-22 14:08:16.040709', 4, 15),
       (140, 794.15, '2022-01-30 12:58:40.812681', '2022-06-25', 'Health insurance', 0, 1, 1, 3, NULL, 4, 15),
       (141, 794.15, '2022-01-30 12:58:40.812762', '2022-07-25', 'Health insurance', 0, 1, 1, 3, NULL, 4, 15),
       (142, 794.15, '2022-01-30 12:58:40.812843', '2022-08-25', 'Health insurance', 0, 1, 1, 3, NULL, 4, 15),
       (143, 794.15, '2022-01-30 12:58:40.812942', '2022-09-25', 'Health insurance', 0, 1, 1, 3, NULL, 4, 15),
       (144, 794.15, '2022-01-30 12:58:40.813039', '2022-10-25', 'Health insurance', 0, 1, 1, 3, NULL, 4, 15),
       (145, 794.15, '2022-01-30 12:58:40.813132', '2022-11-25', 'Health insurance', 0, 1, 1, 3, NULL, 4, 15),
       (146, 794.15, '2022-01-30 12:58:40.813224', '2022-12-25', 'Health insurance', 0, 1, 1, 3, NULL, 4, 15),
       (147, 794.15, '2022-01-30 12:58:40.813313', '2023-01-25', 'Health insurance', 0, 1, 1, 3, NULL, 4, 15),
       (148, 10, '2022-02-23 18:56:39.055490', '2022-02-25', 'Apple Subscription', 10, 1, 3, 1,
        '2022-02-23 18:56:39.156424', 2, 30),
       (149, 300, '2022-03-27 12:49:24.483592', '2022-02-25', 'Going out', 0, 1, 3, 1, '2022-03-27 12:49:24.592720', 2,
        8),
       (150, 10, '2022-03-26 14:22:02.988377', '2022-03-25', 'Apple Subscription', 10, 1, 3, 1,
        '2022-03-26 14:22:03.263727', 2, 30),
       (151, 10, '2022-04-24 11:56:02.091675', '2022-04-25', 'Apple Subscription', 10, 1, 3, 1,
        '2022-04-24 11:56:02.208973', 2, 30),
       (153, 10, '2022-01-30 13:00:42.025414', '2022-06-25', 'Apple Subscription', 0, 1, 1, 1, NULL, 2, 30),
       (154, 10, '2022-01-30 13:00:42.025535', '2022-07-25', 'Apple Subscription', 0, 1, 1, 1, NULL, 2, 30),
       (155, 10, '2022-01-30 13:00:42.025622', '2022-08-25', 'Apple Subscription', 0, 1, 1, 1, NULL, 2, 30),
       (156, 10, '2022-01-30 13:00:42.025727', '2022-09-25', 'Apple Subscription', 0, 1, 1, 1, NULL, 2, 30),
       (157, 10, '2022-01-30 13:00:42.025815', '2022-10-25', 'Apple Subscription', 0, 1, 1, 1, NULL, 2, 30),
       (158, 10, '2022-01-30 13:00:42.025899', '2022-11-25', 'Apple Subscription', 0, 1, 1, 1, NULL, 2, 30),
       (159, 10, '2022-01-30 13:00:42.025985', '2022-12-25', 'Apple Subscription', 0, 1, 1, 1, NULL, 2, 30),
       (160, 10, '2022-01-30 13:00:42.026090', '2023-01-25', 'Apple Subscription', 0, 1, 1, 1, NULL, 2, 30),
       (161, 300, '2022-03-27 11:26:12.217557', '2022-03-25', 'Going out', 0, 1, 3, 1, '2022-03-27 11:26:12.321241', 2,
        8),
       (162, 300, '2022-04-24 12:47:02.241755', '2022-04-25', 'Going out', 0, 1, 3, 3, '2022-04-24 12:47:02.337738', 2,
        8),
       (163, 300, '2022-05-22 14:08:22.412083', '2022-05-25', 'Going out', 0, 1, 3, 1, '2022-05-22 14:08:22.541043', 2,
        8),
       (164, 300, '2022-05-23 04:59:11.455411', '2022-06-25', 'Going out', 0, 1, 3, 1, '2022-05-23 04:59:11.585535', 2,
        8),
       (165, 300, '2022-05-23 05:00:02.038375', '2022-07-25', 'Going out', 0, 1, 3, 1, '2022-05-23 05:00:02.170392', 2,
        8),
       (166, 300, '2022-05-23 05:00:35.439289', '2022-08-25', 'Going out', 0, 1, 3, 1, '2022-05-23 05:00:35.569532', 2,
        8),
       (167, 300, '2022-05-23 05:00:41.765382', '2022-09-25', 'Going out', 0, 1, 3, 1, '2022-05-23 05:00:41.900300', 2,
        8),
       (168, 300, '2022-05-23 05:01:26.842622', '2022-10-25', 'Going out', 0, 1, 3, 1, '2022-05-23 05:01:26.973761', 2,
        8),
       (169, 300, '2022-05-23 05:01:32.059834', '2022-11-25', 'Going out', 0, 1, 3, 1, '2022-05-23 05:01:32.188689', 2,
        8),
       (170, 300, '2022-05-23 05:02:13.407809', '2022-12-25', 'Going out', 0, 1, 3, 1, '2022-05-23 05:02:13.534796', 2,
        8),
       (171, 300, '2022-01-30 13:00:45.352288', '2023-01-25', 'Going out', 0, 1, 1, 1, NULL, 2, 8),
       (172, 300, '2022-03-27 12:49:27.491240', '2022-02-25', 'Lunch Cyrill', 0, 1, 3, 1, '2022-03-27 12:49:27.604217',
        2, 10),
       (173, 300, '2022-03-27 12:49:34.883648', '2022-02-25', 'Lunch Lyka', 0, 1, 3, 1, '2022-03-27 12:49:34.988814', 2,
        11),
       (174, 200, '2022-03-27 12:49:38.962373', '2022-02-25', 'Transpo Budget', 0, 1, 3, 1,
        '2022-03-27 12:49:39.069608', 2, 12),
       (175, 300, '2022-03-27 11:26:16.451205', '2022-03-25', 'Lunch Cyrill', 0, 1, 3, 1, '2022-03-27 11:26:16.555830',
        2, 10),
       (176, 300, '2022-04-24 12:47:08.527185', '2022-04-25', 'Lunch Cyrill', 0, 1, 3, 1, '2022-04-24 12:47:08.645721',
        2, 10),
       (177, 300, '2022-05-22 14:08:25.935025', '2022-05-25', 'Lunch Cyrill', 0, 1, 3, 1, '2022-05-22 14:08:26.067318',
        2, 10),
       (178, 300, '2022-05-23 04:59:14.958600', '2022-06-25', 'Lunch Cyrill', 0, 1, 3, 1, '2022-05-23 04:59:15.092157',
        2, 10),
       (179, 300, '2022-05-23 05:00:05.293378', '2022-07-25', 'Lunch Cyrill', 0, 1, 3, 1, '2022-05-23 05:00:05.401981',
        2, 10),
       (180, 300, '2022-05-23 05:00:31.026446', '2022-08-25', 'Lunch Cyrill', 0, 1, 3, 1, '2022-05-23 05:00:31.153583',
        2, 10),
       (181, 300, '2022-05-23 05:00:45.718616', '2022-09-25', 'Lunch Cyrill', 0, 1, 3, 1, '2022-05-23 05:00:45.810034',
        2, 10),
       (182, 300, '2022-05-23 05:01:21.639734', '2022-10-25', 'Lunch Cyrill', 0, 1, 3, 1, '2022-05-23 05:01:21.773673',
        2, 10),
       (183, 300, '2022-05-23 05:01:34.888547', '2022-11-25', 'Lunch Cyrill', 0, 1, 3, 1, '2022-05-23 05:01:35.018072',
        2, 10),
       (184, 300, '2022-05-23 05:02:08.595506', '2022-12-25', 'Lunch Cyrill', 0, 1, 3, 1, '2022-05-23 05:02:08.725611',
        2, 10),
       (185, 300, '2022-01-30 13:02:46.764677', '2023-01-25', 'Lunch Cyrill', 0, 1, 1, 1, NULL, 2, 10),
       (186, 300, '2022-03-27 11:26:21.361951', '2022-03-25', 'Lunch Lyka', 0, 1, 3, 1, '2022-03-27 11:26:21.466992', 2,
        11),
       (187, 300, '2022-04-24 12:47:13.382654', '2022-04-25', 'Lunch Lyka', 0, 1, 3, 1, '2022-04-24 12:47:13.496323', 2,
        11),
       (188, 300, '2022-05-22 14:08:30.426119', '2022-05-25', 'Lunch Lyka', 0, 1, 3, 1, '2022-05-22 14:08:30.559636', 2,
        11),
       (189, 300, '2022-05-23 04:59:19.819931', '2022-06-25', 'Lunch Lyka', 0, 1, 3, 1, '2022-05-23 04:59:19.943025', 2,
        11),
       (190, 300, '2022-05-23 04:59:58.466669', '2022-07-25', 'Lunch Lyka', 0, 1, 3, 1, '2022-05-23 04:59:58.593642', 2,
        11),
       (191, 300, '2022-05-23 05:00:26.608791', '2022-08-25', 'Lunch Lyka', 0, 1, 3, 1, '2022-05-23 05:00:26.742444', 2,
        11),
       (192, 300, '2022-05-23 05:00:53.368275', '2022-09-25', 'Lunch Lyka', 0, 1, 3, 1, '2022-05-23 05:00:53.505395', 2,
        11),
       (193, 300, '2022-05-23 05:01:16.968791', '2022-10-25', 'Lunch Lyka', 0, 1, 3, 1, '2022-05-23 05:01:17.098784', 2,
        11),
       (194, 300, '2022-05-23 05:01:39.267473', '2022-11-25', 'Lunch Lyka', 0, 1, 3, 1, '2022-05-23 05:01:39.397336', 2,
        11),
       (195, 300, '2022-05-23 05:02:04.988517', '2022-12-25', 'Lunch Lyka', 0, 1, 3, 1, '2022-05-23 05:02:05.116840', 2,
        11),
       (196, 300, '2022-01-30 13:02:49.726258', '2023-01-25', 'Lunch Lyka', 0, 1, 1, 1, NULL, 2, 11),
       (197, 280, '2022-03-27 12:00:35.616437', '2022-03-25', 'Transpo Budget', 0, 1, 3, 1,
        '2022-03-27 12:00:35.720161', 2, 12),
       (198, 120, '2022-04-24 12:47:18.951618', '2022-04-25', 'Transpo Budget', 0, 1, 3, 1,
        '2022-04-24 12:47:19.064691', 2, 12),
       (199, 200, '2022-05-22 14:08:36.118732', '2022-05-25', 'Transpo Budget', 0, 1, 3, 1,
        '2022-05-22 14:08:36.246610', 2, 12),
       (200, 200, '2022-05-23 04:59:24.210152', '2022-06-25', 'Transpo Budget', 0, 1, 3, 1,
        '2022-05-23 04:59:24.340863', 2, 12),
       (201, 200, '2022-05-23 04:59:53.738356', '2022-07-25', 'Transpo Budget', 0, 1, 3, 1,
        '2022-05-23 04:59:53.870083', 2, 12),
       (202, 200, '2022-05-23 05:00:21.760499', '2022-08-25', 'Transpo Budget', 0, 1, 3, 1,
        '2022-05-23 05:00:21.890299', 2, 12),
       (203, 200, '2022-05-23 05:00:56.422936', '2022-09-25', 'Transpo Budget', 0, 1, 3, 1,
        '2022-05-23 05:00:56.548585', 2, 12),
       (204, 200, '2022-05-23 05:01:09.748499', '2022-10-25', 'Transpo Budget', 0, 1, 3, 1,
        '2022-05-23 05:01:09.873437', 2, 12),
       (205, 200, '2022-05-23 05:01:42.648416', '2022-11-25', 'Transpo Budget', 0, 1, 3, 1,
        '2022-05-23 05:01:42.774017', 2, 12),
       (206, 200, '2022-05-23 05:01:59.799347', '2022-12-25', 'Transpo Budget', 0, 1, 3, 1,
        '2022-05-23 05:01:59.929359', 2, 12),
       (207, 200, '2022-01-30 13:02:52.276137', '2023-01-25', 'Transpo Budget', 0, 1, 1, 1, NULL, 2, 12),
       (208, 800, '2022-03-27 12:49:43.123812', '2022-02-25', 'Groceries', 0, 1, 3, 1, '2022-03-27 12:49:43.230389', 2,
        9),
       (209, 700, '2022-03-27 11:26:28.948538', '2022-03-25', 'Groceries', 0, 1, 3, 1, '2022-03-27 11:26:29.051330', 2,
        9),
       (210, 650, '2022-04-24 12:47:24.971697', '2022-04-25', 'Groceries', 0, 1, 3, 1, '2022-04-24 12:47:25.075010', 2,
        9),
       (211, 800, '2022-05-22 14:08:39.961983', '2022-05-25', 'Groceries', 0, 1, 3, 1, '2022-05-22 14:08:40.077637', 2,
        9),
       (212, 800, '2022-05-23 04:59:29.016627', '2022-06-25', 'Groceries', 0, 1, 3, 1, '2022-05-23 04:59:29.143487', 2,
        9),
       (213, 800, '2022-05-23 04:59:49.768853', '2022-07-25', 'Groceries', 0, 1, 3, 1, '2022-05-23 04:59:49.900107', 2,
        9),
       (214, 800, '2022-05-23 05:00:18.650772', '2022-08-25', 'Groceries', 0, 1, 3, 1, '2022-05-23 05:00:18.778049', 2,
        9),
       (215, 800, '2022-05-23 05:01:00.215858', '2022-09-25', 'Groceries', 0, 1, 3, 1, '2022-05-23 05:01:00.347268', 2,
        9),
       (216, 800, '2022-05-23 05:01:06.938705', '2022-10-25', 'Groceries', 0, 1, 3, 1, '2022-05-23 05:01:07.065573', 2,
        9),
       (217, 800, '2022-05-23 05:01:46.539011', '2022-11-25', 'Groceries', 0, 1, 3, 1, '2022-05-23 05:01:46.667552', 2,
        9),
       (218, 800, '2022-05-23 05:01:56.944305', '2022-12-25', 'Groceries', 0, 1, 3, 1, '2022-05-23 05:01:57.073025', 2,
        9),
       (219, 800, '2022-01-30 13:03:33.823089', '2023-01-25', 'Groceries', 0, 1, 1, 1, NULL, 2, 9),
       (221, 13.5, '2022-02-23 18:56:32.107979', '2022-02-25', 'Interest & Insurance', 13.5, 1, 3, 1,
        '2022-02-23 18:56:32.217572', 2, 30),
       (222, 13.5, '2022-03-26 14:21:16.682895', '2022-03-25', 'Interest & Insurance', 13.5, 1, 3, 1,
        '2022-03-26 14:21:17.015568', 2, 30),
       (223, 13.5, '2022-04-24 12:25:20.839419', '2022-04-25', 'Interest & Insurance', 13.5, 1, 3, 1,
        '2022-04-24 12:25:20.953961', 2, 30),
       (225, 13.5, '2022-01-30 13:06:05.931720', '2022-06-25', 'Interest & Insurance', 0, 1, 1, 1, NULL, 2, 30),
       (226, 13.5, '2022-01-30 13:06:05.931788', '2022-07-25', 'Interest & Insurance', 0, 1, 1, 1, NULL, 2, 30),
       (227, 13.5, '2022-01-30 13:06:05.931856', '2022-08-25', 'Interest & Insurance', 0, 1, 1, 1, NULL, 2, 30),
       (228, 13.5, '2022-01-30 13:06:05.931925', '2022-09-25', 'Interest & Insurance', 0, 1, 1, 1, NULL, 2, 30),
       (229, 13.5, '2022-01-30 13:06:05.931994', '2022-10-25', 'Interest & Insurance', 0, 1, 1, 1, NULL, 2, 30),
       (230, 13.5, '2022-01-30 13:06:05.932062', '2022-11-25', 'Interest & Insurance', 0, 1, 1, 1, NULL, 2, 30),
       (231, 13.5, '2022-01-30 13:06:05.932130', '2022-12-25', 'Interest & Insurance', 0, 1, 1, 1, NULL, 2, 30),
       (232, 13.5, '2022-01-30 13:06:05.932198', '2023-01-25', 'Interest & Insurance', 0, 1, 1, 1, NULL, 2, 30),
       (233, 1923.5, '2022-02-23 19:41:40.318094', '2022-02-25', 'Creditcard Payment', 2325.05, 1, 3, 1,
        '2022-02-23 19:41:40.424895', 4, 2),
       (234, 1923.5, '2022-03-27 12:08:18.211323', '2022-03-25', 'Creditcard Payment', 1765.95, 1, 3, 1,
        '2022-03-27 12:08:18.324151', 4, 2),
       (235, 1923.5, '2022-04-24 12:47:35.088033', '2022-04-25', 'Creditcard Payment', 1868.8, 1, 3, 1,
        '2022-04-24 12:47:35.204830', 4, 2),
       (236, 1923.5, '2022-05-22 13:07:27.871333', '2022-05-25', 'Creditcard Payment', 2435.25, 1, 3, 3,
        '2022-05-22 13:07:27.993711', 4, 2),
       (237, 1923.5, '2022-01-30 13:07:11.698193', '2022-06-25', 'Creditcard Payment', 0, 1, 1, 1, NULL, 4, 2),
       (238, 1923.5, '2022-01-30 13:07:11.698262', '2022-07-25', 'Creditcard Payment', 0, 1, 1, 1, NULL, 4, 2),
       (239, 1923.5, '2022-01-30 13:07:11.698331', '2022-08-25', 'Creditcard Payment', 0, 1, 1, 1, NULL, 4, 2),
       (240, 1923.5, '2022-01-30 13:07:11.698400', '2022-09-25', 'Creditcard Payment', 0, 1, 1, 1, NULL, 4, 2),
       (241, 1923.5, '2022-01-30 13:07:11.698474', '2022-10-25', 'Creditcard Payment', 0, 1, 1, 1, NULL, 4, 2),
       (242, 1923.5, '2022-01-30 13:07:11.698544', '2022-11-25', 'Creditcard Payment', 0, 1, 1, 1, NULL, 4, 2),
       (243, 1923.5, '2022-01-30 13:07:11.698613', '2022-12-25', 'Creditcard Payment', 0, 1, 1, 1, NULL, 4, 2),
       (244, 1923.5, '2022-01-30 13:07:11.698682', '2023-01-25', 'Creditcard Payment', 0, 1, 1, 1, NULL, 4, 2),
       (245, 120, '2022-03-27 12:08:45.890072', '2022-02-25', 'Electricity Saving', 120, 1, 3, 1,
        '2022-03-27 12:08:46.003683', 4, 5),
       (246, 120, '2022-03-27 12:09:08.907405', '2022-03-25', 'Electricity Saving', 120, 1, 3, 1,
        '2022-03-27 12:09:09.011952', 4, 5),
       (247, 120, '2022-04-24 12:51:14.925236', '2022-04-25', 'Electricity Saving', 120, 1, 3, 1,
        '2022-04-24 12:51:15.041414', 4, 5),
       (248, 120, '2022-05-22 14:16:05.468255', '2022-05-25', 'Electricity Saving', 120, 1, 3, 1,
        '2022-05-22 14:16:05.594833', 4, 5),
       (249, 120, '2022-01-30 13:08:28.431547', '2022-06-25', 'Electricity Saving', 0, 1, 1, 1, NULL, 4, 5),
       (250, 120, '2022-01-30 13:08:28.431615', '2022-07-25', 'Electricity Saving', 0, 1, 1, 1, NULL, 4, 5),
       (251, 120, '2022-01-30 13:08:28.431683', '2022-08-25', 'Electricity Saving', 0, 1, 1, 1, NULL, 4, 5),
       (252, 120, '2022-01-30 13:08:28.431752', '2022-09-25', 'Electricity Saving', 0, 1, 1, 1, NULL, 4, 5),
       (253, 120, '2022-01-30 13:08:28.588518', '2022-10-25', 'Electricity Saving', 0, 1, 1, 1, NULL, 4, 5),
       (254, 120, '2022-01-30 13:08:28.588619', '2022-11-25', 'Electricity Saving', 0, 1, 1, 1, NULL, 4, 5),
       (255, 120, '2022-01-30 13:08:28.588694', '2022-12-25', 'Electricity Saving', 0, 1, 1, 1, NULL, 4, 5),
       (256, 120, '2022-01-30 13:08:28.588770', '2023-01-25', 'Electricity Saving', 0, 1, 1, 1, NULL, 4, 5),
       (257, 80, '2022-03-27 12:49:48.610502', '2022-02-25', 'Libero Saving Cyrill', 80, 1, 3, 1,
        '2022-03-27 12:49:48.685549', 4, 32),
       (258, 80, '2022-03-27 12:29:43.499346', '2022-03-25', 'Libero Saving Cyrill', 80, 1, 3, 1,
        '2022-03-27 12:29:43.604765', 4, 32),
       (259, 65, '2022-04-24 12:51:57.731465', '2022-04-25', 'Libero Saving Cyrill', 65, 1, 3, 1,
        '2022-04-24 12:51:57.845571', 4, 32),
       (260, 65, '2022-05-22 14:16:10.103830', '2022-05-25', 'Libero Saving Cyrill', 65, 1, 3, 1,
        '2022-05-22 14:16:10.231456', 4, 32),
       (261, 65, '2022-04-24 12:40:55.108644', '2022-06-25', 'Libero Saving Cyrill', 0, 1, 1, 1,
        '2022-04-24 12:40:55.231271', 4, 32),
       (262, 65, '2022-04-24 12:41:01.504021', '2022-07-25', 'Libero Saving Cyrill', 0, 1, 1, 1,
        '2022-04-24 12:41:01.620421', 4, 32),
       (263, 65, '2022-04-24 12:41:07.840510', '2022-08-25', 'Libero Saving Cyrill', 0, 1, 1, 1,
        '2022-04-24 12:41:07.955547', 4, 32),
       (264, 65, '2022-04-24 12:41:14.501942', '2022-09-25', 'Libero Saving Cyrill', 0, 1, 1, 1,
        '2022-04-24 12:41:14.624899', 4, 32),
       (265, 65, '2022-04-24 12:41:20.959267', '2022-10-25', 'Libero Saving Cyrill', 0, 1, 1, 1,
        '2022-04-24 12:41:21.074985', 4, 32),
       (266, 65, '2022-04-24 12:41:28.082648', '2022-11-25', 'Libero Saving Cyrill', 0, 1, 1, 1,
        '2022-04-24 12:41:28.199415', 4, 32),
       (267, 65, '2022-04-24 12:41:34.479799', '2022-12-25', 'Libero Saving Cyrill', 0, 1, 1, 1,
        '2022-04-24 12:41:34.593045', 4, 32),
       (268, 65, '2022-04-24 12:41:40.468098', '2023-01-25', 'Libero Saving Cyrill', 0, 1, 1, 1,
        '2022-04-24 12:41:40.583822', 4, 32),
       (269, 80, '2022-03-27 12:49:51.807759', '2022-02-25', 'Libero Saving Lyka', 80, 1, 3, 1,
        '2022-03-27 12:49:51.914507', 4, 33),
       (270, 80, '2022-03-27 12:29:12.983277', '2022-03-25', 'Libero Saving Lyka', 80, 1, 3, 1,
        '2022-03-27 12:29:13.100960', 4, 33),
       (271, 80, '2022-04-24 12:52:06.329947', '2022-04-25', 'Libero Saving Lyka', 80, 1, 3, 1,
        '2022-04-24 12:52:06.444354', 4, 33),
       (272, 80, '2022-05-22 14:16:14.168228', '2022-05-25', 'Libero Saving Lyka', 80, 1, 3, 1,
        '2022-05-22 14:16:14.295424', 4, 33),
       (273, 80, '2022-01-30 13:09:35.375240', '2022-06-25', 'Libero Saving Lyka', 0, 1, 1, 1, NULL, 4, 33),
       (274, 80, '2022-01-30 13:09:35.375318', '2022-07-25', 'Libero Saving Lyka', 0, 1, 1, 1, NULL, 4, 33),
       (275, 80, '2022-01-30 13:09:35.375392', '2022-08-25', 'Libero Saving Lyka', 0, 1, 1, 1, NULL, 4, 33),
       (276, 80, '2022-01-30 13:09:35.375471', '2022-09-25', 'Libero Saving Lyka', 0, 1, 1, 1, NULL, 4, 33),
       (277, 80, '2022-01-30 13:09:35.375565', '2022-10-25', 'Libero Saving Lyka', 0, 1, 1, 1, NULL, 4, 33),
       (278, 80, '2022-01-30 13:09:35.375643', '2022-11-25', 'Libero Saving Lyka', 0, 1, 1, 1, NULL, 4, 33),
       (279, 80, '2022-01-30 13:09:35.375713', '2022-12-25', 'Libero Saving Lyka', 0, 1, 1, 1, NULL, 4, 33),
       (280, 80, '2022-01-30 13:09:35.375781', '2023-01-25', 'Libero Saving Lyka', 0, 1, 1, 1, NULL, 4, 33),
       (281, 60, '2022-03-27 12:49:55.466068', '2022-02-25', 'Insurance Saving', 60, 1, 3, 1,
        '2022-03-27 12:49:55.572554', 4, 31),
       (282, 60, '2022-03-27 12:28:40.144155', '2022-03-25', 'Insurance Saving', 60, 1, 3, 1,
        '2022-03-27 12:28:40.251653', 4, 31),
       (283, 60, '2022-04-24 12:52:18.519137', '2022-04-25', 'Insurance Saving', 60, 1, 3, 1,
        '2022-04-24 12:52:18.634017', 4, 31),
       (284, 60, '2022-05-22 14:16:18.033392', '2022-05-25', 'Insurance Saving', 60, 1, 3, 1,
        '2022-05-22 14:16:18.162737', 4, 31),
       (285, 60, '2022-01-30 13:10:06.699486', '2022-06-25', 'Insurance Saving', 0, 1, 1, 1, NULL, 4, 31),
       (286, 60, '2022-01-30 13:10:06.699553', '2022-07-25', 'Insurance Saving', 0, 1, 1, 1, NULL, 4, 31),
       (287, 60, '2022-01-30 13:10:06.699619', '2022-08-25', 'Insurance Saving', 0, 1, 1, 1, NULL, 4, 31),
       (288, 60, '2022-01-30 13:10:06.699704', '2022-09-25', 'Insurance Saving', 0, 1, 1, 1, NULL, 4, 31),
       (289, 60, '2022-01-30 13:10:06.699783', '2022-10-25', 'Insurance Saving', 0, 1, 1, 1, NULL, 4, 31),
       (290, 60, '2022-01-30 13:10:06.699850', '2022-11-25', 'Insurance Saving', 0, 1, 1, 1, NULL, 4, 31),
       (291, 60, '2022-01-30 13:10:06.699917', '2022-12-25', 'Insurance Saving', 0, 1, 1, 1, NULL, 4, 31),
       (292, 60, '2022-01-30 13:10:06.700014', '2023-01-25', 'Insurance Saving', 0, 1, 1, 1, NULL, 4, 31),
       (293, 632, '2022-03-26 14:42:50.946297', '2022-02-25', 'Tuition Saving', 632, 1, 3, 1,
        '2022-03-26 14:42:51.055166', 4, 14),
       (294, 400, '2022-03-27 12:50:00.004578', '2022-02-25', 'Health Saving', 400, 1, 3, 1,
        '2022-03-27 12:50:00.133083', 4, 7),
       (295, 100, '2022-03-27 12:25:21.352855', '2022-03-25', 'Health Saving', 100, 1, 3, 1,
        '2022-03-27 12:25:21.459435', 4, 7),
       (296, 100, '2022-04-24 12:54:35.121059', '2022-04-25', 'Health Saving', 450, 1, 3, 1,
        '2022-04-24 12:54:35.244440', 4, 7),
       (297, 450, '2022-05-22 14:16:22.119972', '2022-05-25', 'Health Saving', 450, 1, 3, 1,
        '2022-05-22 14:16:22.249846', 4, 7),
       (298, 450, '2022-04-24 12:55:03.071212', '2022-06-25', 'Health Saving', 0, 1, 1, 1, '2022-04-24 12:55:03.186675',
        4, 7),
       (299, 450, '2022-04-24 12:55:34.539946', '2022-07-25', 'Health Saving', 0, 1, 1, 1, '2022-04-24 12:55:34.658857',
        4, 7),
       (300, 450, '2022-04-24 12:55:46.183017', '2022-08-25', 'Health Saving', 0, 1, 1, 1, '2022-04-24 12:55:46.311018',
        4, 7),
       (301, 450, '2022-04-24 12:56:10.918812', '2022-09-25', 'Health Saving', 0, 1, 1, 1, '2022-04-24 12:56:11.034394',
        4, 7),
       (302, 450, '2022-04-24 12:56:35.334943', '2022-10-25', 'Health Saving', 0, 1, 1, 1, '2022-04-24 12:56:35.456174',
        4, 7),
       (303, 450, '2022-04-24 12:56:50.422787', '2022-11-25', 'Health Saving', 0, 1, 1, 1, '2022-04-24 12:56:50.540018',
        4, 7),
       (304, 450, '2022-04-24 12:57:01.763318', '2022-12-25', 'Health Saving', 0, 1, 1, 1, '2022-04-24 12:57:01.881799',
        4, 7),
       (305, 450, '2022-04-24 12:57:22.187673', '2023-01-25', 'Health Saving', 0, 1, 1, 1, '2022-04-24 12:57:22.289658',
        4, 7),
       (352, 0, '2022-02-23 18:57:10.391951', '2022-02-23', 'Groceries', 663.3, 1, 3, 1, NULL, 2, 9),
       (353, 0, '2022-02-23 19:18:02.147776', '2022-02-23', 'Health', 76.45, 1, 3, 1, NULL, 2, 30),
       (354, 0, '2022-02-23 19:18:23.297389', '2022-02-23', 'From health savings', 76.45, 1, 3, 1, NULL, 7, 2),
       (355, 0, '2022-02-23 19:18:36.941291', '2022-02-23', 'Cyrill total', 611.65, 1, 3, 1, NULL, 2, 10),
       (356, 0, '2022-02-23 19:18:46.861825', '2022-02-23', 'General spendings', 275.5, 1, 3, 1, NULL, 2, 30),
       (357, 0, '2022-02-23 19:18:55.365336', '2022-02-23', 'Lyka total', 347.6, 1, 3, 1, NULL, 2, 11),
       (358, 0, '2022-02-23 19:19:22.540343', '2022-02-23', 'From general savings', 275.5, 1, 3, 1, NULL, 6, 2),
       (359, 0, '2022-02-23 19:19:34.619926', '2022-02-23', 'Going out', 311.45, 1, 3, 1, NULL, 2, 8),
       (360, 0, '2022-02-23 19:20:37.368607', '2022-02-23', 'Clothes', 113.8, 1, 3, 1, '2022-02-23 19:20:37.474561', 2,
        30),
       (361, 0, '2022-02-23 19:20:10.233812', '2022-02-23', 'Transpo', 367.55, 1, 3, 1, NULL, 2, 12),
       (362, 0, '2022-02-23 19:20:13.769596', '2022-02-23', 'Cloths from gen savings', 113.8, 1, 3, 1, NULL, 6, 2),
       (363, 0, '2022-02-23 19:26:35.766420', '2022-02-23', 'Transpo', 80, 1, 3, 1, NULL, 4, 12),
       (364, 0, '2022-02-23 19:27:23.553000', '2022-02-23', 'Swiss loss', 6, 1, 3, 1, NULL, 22, 4),
       (365, 0, '2022-02-23 19:27:57.222353', '2022-02-23', 'Groceries Milan', 314.68, 1, 3, 1, NULL, 4, 9),
       (366, 0, '2022-02-23 19:29:12.079599', '2022-02-23', 'Cyrill Valentine’s win', 50, 1, 3, 1, NULL, 6, 30),
       (367, 0, '2022-02-23 19:30:35.439523', '2022-02-23', 'Payback Cyrill', 311.65, 1, 3, 1, NULL, 10, 22),
       (368, 0, '2022-02-23 19:32:10.352378', '2022-02-23', 'Lyka Gorceries', 76, 1, 3, 1, NULL, 11, 9),
       (369, 0, '2022-02-23 19:33:07.648656', '2022-02-23', 'Tageskarte', 36, 1, 3, 1, NULL, 11, 12),
       (370, 0, '2022-02-23 19:34:28.097506', '2022-02-23', 'George Money', 73.48, 1, 3, 1, NULL, 6, 30),
       (371, 0, '2022-03-27 12:50:09.675317', '2022-02-23', 'Income Gambling', 128, 1, 3, 1,
        '2022-03-27 12:50:09.781976', 22, 6),
       (372, 0, '2022-02-23 19:36:43.523581', '2022-02-23', 'Surplus Lyka', 64.4, 1, 3, 1, '2022-02-23 19:36:43.623914',
        22, 11),
       (373, 0, '2022-02-23 19:46:28.676188', '2022-02-23', 'Payment Tuition', 1164, 1, 3, 1,
        '2022-02-23 19:46:28.777793', 14, 30),
       (374, 0, '2022-02-23 19:45:49.033577', '2022-02-23', 'Payment School Cyrill', 2639.7, 1, 3, 1, NULL, 1, 4),
       (376, 0, '2022-03-26 14:13:19.044741', '2022-03-26', 'Awesome groceries', 368.3, 1, 3, 1, NULL, 2, 9),
       (377, 0, '2022-03-26 14:13:40.763059', '2022-03-26', 'Lunch C', 207.9, 1, 3, 1, NULL, 2, 10),
       (378, 0, '2022-03-26 14:14:11.344039', '2022-03-26', 'Lunch L', 344.75, 1, 3, 1, NULL, 2, 11),
       (379, 0, '2022-03-26 14:14:38.555581', '2022-03-26', 'Going out', 461.55, 1, 3, 1, NULL, 2, 8),
       (380, 0, '2022-03-26 14:15:33.596409', '2022-03-26', 'Transpo', 359.95, 1, 3, 1, NULL, 2, 12),
       (381, 0, '2022-03-26 14:23:01.933137', '2022-03-26', 'Clothes Payback', 21.9, 1, 3, 1,
        '2022-03-26 14:23:02.040004', 22, 2),
       (382, 0, '2022-03-26 14:19:39.159443', '2022-03-26', 'General Spendings', 249.4, 1, 3, 1, NULL, 2, 30),
       (383, 0, '2022-03-26 14:21:33.786259', '2022-03-26', 'Health', 129, 1, 3, 1, NULL, 2, 30),
       (384, 0, '2022-03-26 14:21:48.654198', '2022-03-26', 'Health', 129, 1, 3, 1, NULL, 7, 2),
       (385, 0, '2022-03-27 11:37:31.521779', '2022-03-26', '13th', 1961.15, 1, 3, 1, '2022-03-27 11:37:31.633435', 4,
        52),
       (386, 0, '2022-03-27 11:33:39.277424', '2022-03-27', 'Laundry', 100, 1, 3, 1, NULL, 5, 30),
       (387, 0, '2022-03-27 11:35:55.887138', '2022-03-27', 'Hairdresser ', 50, 1, 3, 1, NULL, 4, 30),
       (388, 0, '2022-03-27 11:36:36.955964', '2022-03-27', 'Clothes payment', 200, 1, 3, 1, NULL, 22, 6),
       (389, 0, '2022-03-27 11:48:37.940816', '2022-03-27', 'Paying general stuff', 227.5, 1, 3, 1, NULL, 6, 2),
       (390, 0, '2022-03-27 11:49:25.502322', '2022-03-27', 'Pay back lyka voucher', 100, 1, 3, 1, NULL, 6, 30),
       (391, 0, '2022-03-27 11:53:23.698272', '2022-03-28', 'Lyka spending for goingout ', 42, 1, 3, 1,
        '2022-03-27 11:53:23.808213', 8, 11),
       (392, 0, '2022-03-27 11:54:45.398250', '2022-04-25', 'Alain paying for groceries', 30, 1, 3, 1, NULL, 22, 11),
       (393, 0, '2022-03-27 11:59:01.973400', '2022-03-27', 'Coop card groceries', 100, 1, 3, 1, NULL, 11, 9),
       (394, 0, '2022-03-27 12:03:46.568349', '2022-03-27', 'Surplus Lyka', 13.25, 1, 3, 1,
        '2022-03-27 12:03:46.675416', 4, 11),
       (395, 0, '2022-03-27 12:06:39.148667', '2022-03-27', 'Surplus Cyrill', 92.1, 1, 3, 1,
        '2022-03-27 12:06:39.252041', 4, 10),
       (396, 0, '2022-03-27 12:21:24.104830', '2022-03-27', 'Dentist bill Cyrill', 429.05, 1, 3, 1, NULL, 7, 30),
       (397, 0, '2022-03-27 12:25:07.420951', '2022-03-27', 'Bill Lyka skin', 168, 1, 3, 1, NULL, 7, 30),
       (398, 0, '2022-03-27 12:25:47.141461', '2022-03-27', 'BilLyka', 240.1, 1, 3, 1, NULL, 7, 30),
       (399, 0, '2022-03-27 12:26:32.568668', '2022-04-25', 'Bill Cyrill :3 ', 60.85, 1, 3, 1, NULL, 7, 30),
       (400, 0, '2022-04-24 14:29:38.481235', '2022-03-27', 'To much money? (Incl fee)', 21, 1, 3, 1,
        '2022-04-24 14:29:38.618278', 22, 4),
       (402, 198.25, '2022-04-18 08:08:08.556278', '2022-04-18', 'Payback rent', 198.25, 1, 3, 1,
        '2022-04-18 08:08:08.690039', 22, 4),
       (403, 0, '2022-04-24 12:10:55.150144', '2022-04-24', 'Groceries', 582.65, 1, 3, 3, NULL, 2, 9),
       (404, 0, '2022-04-24 12:11:12.298305', '2022-04-24', 'Lunch Cyrill', 248, 1, 3, 3, NULL, 2, 10),
       (405, 0, '2022-04-24 12:11:34.537498', '2022-04-24', 'Lunch Lyka', 226.1, 1, 3, 1, NULL, 2, 11),
       (406, 0, '2022-04-24 12:26:04.312037', '2022-04-24', 'Going out', 549.3, 1, 3, 1, '2022-04-24 12:26:04.427445',
        2, 8),
       (407, 0, '2022-04-24 12:14:55.519467', '2022-04-24', 'Flight', 1301, 1, 3, 1, NULL, 2, 28),
       (408, 0, '2022-04-24 12:15:14.408682', '2022-04-24', 'Paying flight', 1301, 1, 3, 1, NULL, 13, 2),
       (409, 0, '2022-04-24 12:15:39.834337', '2022-04-24', 'Transpo', 239.25, 1, 3, 1, NULL, 2, 12),
       (410, 0, '2022-04-24 12:16:23.718006', '2022-04-24', 'Clothes', 317.95, 1, 3, 3, NULL, 2, 29),
       (411, 0, '2022-04-24 12:16:45.436175', '2022-04-24', 'Paying Clothes', 317.95, 1, 3, 3, NULL, 6, 2),
       (412, 0, '2022-04-24 12:17:29.940580', '2022-04-24', 'Health', 28.6, 1, 3, 1, NULL, 2, 30),
       (413, 0, '2022-04-24 12:18:24.804249', '2022-04-24', 'Health', 28.6, 1, 3, 3, NULL, 7, 2),
       (414, 0, '2022-04-24 12:18:50.396461', '2022-04-24', 'Libero', 790, 1, 3, 1, NULL, 2, 27),
       (415, 0, '2022-04-24 12:19:07.475053', '2022-04-24', 'Libero Lyka', 790, 1, 3, 1, NULL, 33, 2),
       (416, 0, '2022-04-24 12:22:49.536537', '2022-04-24', 'Screen', 341.4, 1, 3, 1, NULL, 2, 30),
       (417, 0, '2022-04-24 12:25:00.890062', '2022-04-24', 'Screen', 341.4, 1, 3, 3, NULL, 6, 2),
       (418, 0, '2022-04-24 12:30:54.661183', '2022-04-24', 'Groceries', 2.2, 1, 3, 3, NULL, 4, 9),
       (419, 0, '2022-04-24 12:31:42.545172', '2022-04-27', 'Hairdresser ', 50, 1, 3, 1, NULL, 4, 30),
       (420, 0, '2022-04-24 12:31:42.545351', '2022-05-27', 'Hairdresser ', 50, 1, 3, 1, NULL, 4, 30),
       (421, 0, '2022-04-24 12:31:42.545475', '2022-06-27', 'Hairdresser ', 50, 1, 3, 1, NULL, 4, 30),
       (422, 0, '2022-04-24 12:31:42.545580', '2022-07-27', 'Hairdresser ', 50, 1, 3, 1, NULL, 4, 30),
       (423, 0, '2022-04-24 12:31:42.545684', '2022-08-27', 'Hairdresser ', 50, 1, 3, 1, NULL, 4, 30),
       (424, 0, '2022-04-24 12:31:42.545787', '2022-09-27', 'Hairdresser ', 50, 1, 3, 1, NULL, 4, 30),
       (425, 0, '2022-04-24 12:31:42.545890', '2022-10-27', 'Hairdresser ', 50, 1, 3, 1, NULL, 4, 30),
       (426, 0, '2022-04-24 12:31:42.546003', '2022-11-27', 'Hairdresser ', 50, 1, 3, 1, NULL, 4, 30),
       (427, 0, '2022-04-24 12:31:42.546107', '2022-12-27', 'Hairdresser ', 50, 1, 3, 1, NULL, 4, 30),
       (428, 0, '2022-04-24 12:31:42.546230', '2023-01-27', 'Hairdresser ', 50, 1, 3, 1, NULL, 4, 30),
       (429, 0, '2022-04-24 12:32:30.472637', '2022-04-24', 'Groceries Lyka', 15.7, 1, 3, 3, NULL, 11, 9),
       (430, 0, '2022-04-24 14:50:12.936944', '2022-04-24', 'Surplus', 71.5, 1, 3, 1, '2022-04-24 14:50:13.068235', 4,
        10),
       (431, 0, '2022-04-24 12:39:32.303228', '2022-04-24', 'Surplus Lyka', 59.6, 1, 3, 1, NULL, 4, 11),
       (432, 0, '2022-04-24 12:49:16.149183', '2022-04-24', 'Electricity Bill', 132.95, 1, 3, 3, NULL, 5, 30),
       (433, 500, '2022-04-24 12:58:20.431449', '2022-04-24', 'General Savings ', 500, 1, 3, 1,
        '2022-04-24 12:58:20.554501', 4, 6),
       (434, 500, '2022-05-22 14:16:26.891793', '2022-05-24', 'General Savings ', 500, 1, 3, 1,
        '2022-05-22 14:16:27.015489', 4, 6),
       (435, 500, '2022-04-24 12:57:52.587111', '2022-06-24', 'General Savings ', 0, 1, 1, 1, NULL, 4, 6),
       (436, 500, '2022-04-24 12:57:52.587202', '2022-07-24', 'General Savings ', 0, 1, 1, 1, NULL, 4, 6),
       (437, 500, '2022-04-24 12:57:52.587317', '2022-08-24', 'General Savings ', 0, 1, 1, 1, NULL, 4, 6),
       (438, 500, '2022-04-24 12:57:52.587443', '2022-09-24', 'General Savings ', 0, 1, 1, 1, NULL, 4, 6),
       (439, 500, '2022-04-24 12:57:52.587542', '2022-10-24', 'General Savings ', 0, 1, 1, 1, NULL, 4, 6),
       (440, 500, '2022-04-24 12:57:52.587632', '2022-11-24', 'General Savings ', 0, 1, 1, 1, NULL, 4, 6),
       (441, 500, '2022-04-24 12:57:52.587723', '2022-12-24', 'General Savings ', 0, 1, 1, 1, NULL, 4, 6),
       (442, 500, '2022-04-24 12:57:52.587814', '2023-01-24', 'General Savings ', 0, 1, 1, 1, NULL, 4, 6),
       (443, 300, '2022-04-24 13:01:10.411695', '2022-04-24', 'Travel Savings ', 300, 1, 3, 1,
        '2022-04-24 13:01:10.528518', 4, 13),
       (444, 1444.4, '2022-04-24 13:01:15.034333', '2022-04-24', 'Tax Savings ', 1444.4, 1, 3, 1,
        '2022-04-24 13:01:15.153900', 4, 1),
       (445, 300, '2022-05-22 14:16:30.866362', '2022-05-24', 'Travel Savings ', 300, 1, 3, 1,
        '2022-05-22 14:16:30.993336', 4, 13),
       (446, 300, '2022-04-24 13:01:03.096477', '2022-06-24', 'Travel Savings ', 0, 1, 1, 1, NULL, 4, 13),
       (447, 300, '2022-04-24 13:01:03.096604', '2022-07-24', 'Travel Savings ', 0, 1, 1, 1, NULL, 4, 13),
       (448, 300, '2022-04-24 13:01:03.096701', '2022-08-24', 'Travel Savings ', 0, 1, 1, 1, NULL, 4, 13),
       (449, 300, '2022-04-24 13:01:03.096797', '2022-09-24', 'Travel Savings ', 0, 1, 1, 1, NULL, 4, 13),
       (450, 300, '2022-04-24 13:01:03.096894', '2022-10-24', 'Travel Savings ', 0, 1, 1, 1, NULL, 4, 13),
       (451, 300, '2022-04-24 13:01:03.096992', '2022-11-24', 'Travel Savings ', 0, 1, 1, 1, NULL, 4, 13),
       (452, 300, '2022-04-24 13:01:03.097080', '2022-12-24', 'Travel Savings ', 0, 1, 1, 1, NULL, 4, 13),
       (453, 300, '2022-04-24 13:01:03.255285', '2023-01-24', 'Travel Savings ', 0, 1, 1, 1, NULL, 4, 13),
       (454, 1444.4, '2022-05-22 14:16:34.996353', '2022-05-24', 'Tax Savings ', 1444.4, 1, 3, 1,
        '2022-05-22 14:16:35.128526', 4, 1),
       (455, 1444.4, '2022-04-24 13:01:05.541009', '2022-06-24', 'Tax Savings ', 0, 1, 1, 1, NULL, 4, 1),
       (456, 1444.4, '2022-04-24 13:01:05.541100', '2022-07-24', 'Tax Savings ', 0, 1, 1, 1, NULL, 4, 1),
       (457, 1444.4, '2022-04-24 13:01:05.541213', '2022-08-24', 'Tax Savings ', 0, 1, 1, 1, NULL, 4, 1),
       (458, 1444.4, '2022-04-24 13:01:05.541315', '2022-09-24', 'Tax Savings ', 0, 1, 1, 1, NULL, 4, 1),
       (459, 1444.4, '2022-04-24 13:01:05.541414', '2022-10-24', 'Tax Savings ', 0, 1, 1, 1, NULL, 4, 1),
       (460, 1444.4, '2022-04-24 13:01:05.541524', '2022-11-24', 'Tax Savings ', 0, 1, 1, 1, NULL, 4, 1),
       (461, 1444.4, '2022-04-24 13:01:05.541622', '2022-12-24', 'Tax Savings ', 0, 1, 1, 1, NULL, 4, 1),
       (462, 1444.4, '2022-04-24 13:01:05.541709', '2023-01-24', 'Tax Savings ', 0, 1, 1, 1, NULL, 4, 1),
       (463, 0, '2022-04-24 14:49:36.124301', '2022-04-24', 'Salami', 19.5, 1, 3, 1, NULL, 10, 9),
       (464, 1309.2, '2022-05-23 13:05:41.079035', '2022-05-25', 'Denstist Cyrill', 1309.2, 1, 3, 1,
        '2022-05-23 13:05:41.210073', 7, 30),
       (465, 0, '2022-04-25 05:01:05.356250', '2022-04-25', 'Overtime Salary', 1000, 1, 3, 1, NULL, 22, 4),
       (502, 0, '2022-05-22 12:12:23.226703', '2022-05-01', 'SBB CFF FFS MOBILE TIC, BERN', 12.8, 1, 3, 1, NULL, 2, 12),
       (503, 0, '2022-05-22 12:12:23.624916', '2022-05-01', 'SBB CFF FFS MOBILE TIC, BERN', 14.6, 1, 3, 1, NULL, 2, 12),
       (504, 0, '2022-05-22 12:12:23.625071', '2022-05-01', 'SBB MOBILE, BERN', 14, 1, 3, 1, NULL, 2, 12),
       (505, 0, '2022-05-22 12:12:23.625173', '2022-05-01', 'SBB MOBILE, BERN', 14, 1, 3, 1, NULL, 2, 12),
       (506, 0, '2022-05-22 12:12:23.625298', '2022-05-01', 'SBB CFF FFS MOBILE TIC, BERN', 10.4, 1, 3, 1, NULL, 2, 12),
       (507, 0, '2022-05-22 12:12:23.625420', '2022-05-01', 'SBB CFF FFS MOBILE TIC, BERN', 9.6, 1, 3, 1, NULL, 2, 12),
       (508, 0, '2022-05-22 12:12:23.625527', '2022-05-01', 'SBB ZÜRICH, ZÜRICH', 5, 1, 3, 1, NULL, 2, 12),
       (509, 0, '2022-05-22 12:12:23.625627', '2022-05-01', 'SBB MOBILE, BERN', 14, 1, 3, 1, NULL, 2, 12),
       (510, 0, '2022-05-22 12:12:23.625729', '2022-05-01', 'SBB MOBILE, BERN', 12.5, 1, 3, 1, NULL, 2, 12),
       (511, 0, '2022-05-22 12:12:23.625832', '2022-05-01', 'SBB MOBILE, BERN', 14, 1, 3, 1, NULL, 2, 12),
       (512, 0, '2022-05-22 12:12:23.625931', '2022-05-01', 'SBB MOBILE, BERN', 14, 1, 3, 1, NULL, 2, 12),
       (513, 0, '2022-05-22 12:12:23.626045', '2022-05-01', 'SBB CFF FFS MOBILE TIC, BERN', 19.2, 1, 3, 1, NULL, 2, 12),
       (514, 0, '2022-05-22 12:12:23.626220', '2022-05-01', 'MOBILITY CAR SHARING, LUZERN', 27.1, 1, 3, 1, NULL, 2, 12),
       (515, 0, '2022-05-22 12:12:23.626328', '2022-05-01', 'SBB MOBILE, BERN', 19.2, 1, 3, 1, NULL, 2, 12),
       (516, 0, '2022-05-22 12:12:23.626440', '2022-05-01', 'SBB CFF FFS MOBILE TIC, BERN', 8.1, 1, 3, 1, NULL, 2, 12),
       (517, 0, '2022-05-22 12:12:23.626976', '2022-05-01', 'SBB CFF FFS MOBILE TIC, BERN', 11.9, 1, 3, 1, NULL, 2, 12),
       (518, 0, '2022-05-22 12:12:23.627099', '2022-05-01', 'SBB MOBILE, BERN', 8.1, 1, 3, 1, NULL, 2, 12),
       (519, 0, '2022-05-22 12:12:23.627259', '2022-05-01', 'SBB MOBILE, BERN', 11.9, 1, 3, 1, NULL, 2, 12),
       (520, 0, '2022-05-22 12:12:23.627357', '2022-05-01', 'SBB CFF FFS MOBILE TIC, BERN', 6.2, 1, 3, 1, NULL, 2, 12),
       (521, 0, '2022-05-22 12:12:23.627464', '2022-05-01', 'SBB MOBILE, BERN', 14, 1, 3, 1, NULL, 2, 12),
       (522, 13.5, '2022-05-23 04:57:53.591102', '2022-05-01', 'TRAVEL COMFORT PLUS', 13.5, 1, 3, 1,
        '2022-05-23 04:57:53.692344', 2, 30),
       (523, 0, '2022-05-22 12:23:46.951718', '2022-05-01', 'HURRYCURRY, BERN', 14, 1, 3, 1, NULL, 2, 10),
       (524, 0, '2022-05-22 12:23:46.952000', '2022-05-01', 'KORNHAUSKELLER REST. &, BREMGARTEN B.', 115, 1, 3, 1, NULL,
        2, 10),
       (525, 0, '2022-05-22 12:23:46.952115', '2022-05-01', 'CAFE-BAR TURNHALLE, BERN', 27.5, 1, 3, 1, NULL, 2, 10),
       (526, 0, '2022-05-22 12:23:46.952256', '2022-05-01', 'MCDONALDS BERN 20113, BERN', 15.2, 1, 3, 1, NULL, 2, 10),
       (527, 0, '2022-05-22 12:23:46.952399', '2022-05-01', 'GOAL - DIE BERNER FUSS, BERN', 16, 1, 3, 1, NULL, 2, 10),
       (528, 0, '2022-05-22 12:23:46.952513', '2022-05-01', 'THE ATHLETIC, SAN FRANCISCO', 72.7, 1, 3, 1, NULL, 2, 10),
       (529, 0, '2022-05-22 12:23:46.952663', '2022-05-01', 'TEA ONE, BERN', 8.5, 1, 3, 1, NULL, 2, 10),
       (530, 0, '2022-05-22 12:23:46.952779', '2022-05-01', 'LA GOLOSA GELATERIA, BERN', 5.5, 1, 3, 1, NULL, 2, 10),
       (531, 0, '2022-05-22 12:23:46.952889', '2022-05-01', 'LA GOLOSA GELATERIA, BERN', 5.5, 1, 3, 1, NULL, 2, 10),
       (532, 0, '2022-05-22 12:23:46.953016', '2022-05-01', 'CONTACT TAKE AWAY, BERN', 14, 1, 3, 1, NULL, 2, 10),
       (533, 0, '2022-05-22 12:23:46.953121', '2022-05-01', 'LA GOLOSA GELATERIA, BERN', 5.5, 1, 3, 1, NULL, 2, 10),
       (534, 0, '2022-05-22 12:23:46.953214', '2022-05-01', 'DECATHLON CH, GENEVE', 53, 1, 3, 1, NULL, 2, 10),
       (535, 0, '2022-05-22 12:23:46.953300', '2022-05-01', 'STB TRAININGSZENTRUMS, BERN', 43, 1, 3, 1, NULL, 2, 10),
       (536, 0, '2022-05-22 12:23:46.953409', '2022-05-01', 'MIGROS BUBENBERG (4440), BERN', 2.95, 1, 3, 1, NULL, 2,
        10),
       (537, 0, '2022-05-22 12:23:46.953499', '2022-05-01', 'GOTCOURTS* TIVOLI CENT, ZURICH', 23, 1, 3, 1, NULL, 2, 10),
       (538, 0, '2022-05-22 12:23:46.953659', '2022-05-01', 'CAFE-BAR TURNHALLE, BERN', 16, 1, 3, 1, NULL, 2, 10),
       (539, 0, '2022-05-22 12:23:46.953772', '2022-05-01', 'CAFE-BAR TURNHALLE, BERN', 28, 1, 3, 1, NULL, 2, 10),
       (540, 0, '2022-05-22 12:23:46.953877', '2022-05-01', 'LA GOLOSA GELATERIA, BERN', 5.5, 1, 3, 1, NULL, 2, 10),
       (541, 0, '2022-05-22 12:23:46.954008', '2022-05-01', 'TEA ONE, BERN', 8.5, 1, 3, 1, NULL, 2, 10),
       (542, 0, '2022-05-22 12:23:46.954115', '2022-05-01', 'MCDONALD\'S RESTAURANT NR, BERN', 5.8, 1, 3, 1, NULL, 2,
        10),
       (543, 0, '2022-05-22 12:23:46.954259', '2022-05-01', 'EINSTEIN KAFFEE AG, BERN', 27, 1, 3, 1, NULL, 2, 10),
       (544, 0, '2022-05-22 12:24:06.111752', '2022-05-01', 'LAEDERACH CHOCOLAT. AG, BERN', 9.9, 1, 3, 1, NULL, 2, 11),
       (545, 0, '2022-05-22 12:24:06.112039', '2022-05-01', 'MANOR AG - 862, BERN', 6.9, 1, 3, 1, NULL, 2, 11),
       (546, 0, '2022-05-22 12:24:06.112185', '2022-05-01', 'H & M, BERN', 30.9, 1, 3, 1, NULL, 2, 11),
       (547, 0, '2022-05-22 12:24:06.112327', '2022-05-01', 'CANTIN, BERN', 38, 1, 3, 1, NULL, 2, 11),
       (548, 0, '2022-05-22 12:24:06.112468', '2022-05-01', 'MANOR AG - 862, BERN', 6.4, 1, 3, 1, NULL, 2, 11),
       (549, 0, '2022-05-22 12:24:06.112613', '2022-05-01', 'WWW.ZALANDO.CH, BERLIN', 120.85, 1, 3, 1, NULL, 2, 11),
       (550, 0, '2022-05-22 12:24:06.112754', '2022-05-01', 'POPEYES - POPOER GMBH, ZUERICH', 19.9, 1, 3, 1, NULL, 2,
        11),
       (551, 0, '2022-05-22 12:24:06.112895', '2022-05-01', 'DUNKIN\' DONUTS ZÜRICH, ZÜRICH', 7.9, 1, 3, 1, NULL, 2,
        11),
       (552, 0, '2022-05-22 12:24:06.113038', '2022-05-01', 'YUMIHANA, ZÜRICH', 31.35, 1, 3, 1, NULL, 2, 11),
       (553, 0, '2022-05-22 12:24:06.209917', '2022-05-01', 'LA PLATANERA GMBH, ZÜRICH', 11.5, 1, 3, 1, NULL, 2, 11),
       (554, 0, '2022-05-22 12:24:06.210007', '2022-05-01', 'LIDL BERN LOEB, BERN', 0.95, 1, 3, 1, NULL, 2, 11),
       (555, 0, '2022-05-22 12:24:06.210099', '2022-05-01', 'SELECTA AG / PRV, KIRCHBERG BE', 1, 1, 3, 1, NULL, 2, 11),
       (556, 0, '2022-05-22 12:24:06.210290', '2022-05-01', 'TCHIBO 6174, BERN', 8.9, 1, 3, 1, NULL, 2, 11),
       (557, 0, '2022-05-22 12:24:06.210381', '2022-05-01', 'THE NEST, ZÜRICH', 35, 1, 3, 1, NULL, 2, 11),
       (558, 0, '2022-05-22 12:24:06.210487', '2022-05-01', 'IL BARETTO, ZÜRICH', 4.8, 1, 3, 1, NULL, 2, 11),
       (559, 0, '2022-05-22 12:24:06.210586', '2022-05-01', 'YUMIHANA, ZÜRICH', 3.2, 1, 3, 1, NULL, 2, 11),
       (560, 0, '2022-05-22 12:24:06.210677', '2022-05-01', 'BEST WESTERN HOTEL BER, BERN', 34, 1, 3, 1, NULL, 2, 11),
       (561, 0, '2022-05-22 12:24:06.210771', '2022-05-01', 'MANOR AG - 862, BERN', 18.5, 1, 3, 1, NULL, 2, 11),
       (562, 0, '2022-05-22 12:24:06.210862', '2022-05-01', 'ADRIANOS KAFFEELADEN, BERN', 26.5, 1, 3, 1, NULL, 2, 11),
       (563, 0, '2022-05-22 12:24:06.210955', '2022-05-01', 'COOP-5457 BERN RBS, BERN', 6.5, 1, 3, 1, NULL, 2, 11),
       (564, 0, '2022-05-22 12:24:06.211043', '2022-05-01', 'COOP-4550 BERN RAIL CI, BERN', 3.95, 1, 3, 1, NULL, 2, 11),
       (565, 0, '2022-05-22 12:24:23.370176', '2022-05-01', 'SBB CFF FFS MOBILE TIC, BERN', 12.4, 1, 3, 1, NULL, 2, 12),
       (566, 0, '2022-05-22 12:26:21.352012', '2022-05-01', 'WWW.ZALANDO.CH, BERLIN', 66.45, 1, 3, 1, NULL, 2, 11),
       (567, 0, '2022-05-22 12:26:21.352202', '2022-05-01', 'CHANG CHENG TAKE AWAY, BERN', 13.3, 1, 3, 1, NULL, 2, 11),
       (568, 0, '2022-05-22 12:26:28.385329', '2022-05-01', 'MIGROS BERN BAHNHOF TAKE, BERN', 10.5, 1, 3, 1, NULL, 2,
        10),
       (569, 0, '2022-05-22 12:26:28.385503', '2022-05-01', 'COOP-1207 BE SULGENBACH, BERN', 12.5, 1, 3, 1, NULL, 2,
        10),
       (570, 0, '2022-05-22 12:26:28.385591', '2022-05-01', 'CONTACT TAKE AWAY, BERN', 14, 1, 3, 1, NULL, 2, 10),
       (571, 0, '2022-05-22 12:29:13.417415', '2022-05-01', 'COOP-5734 BE SPITALGAS, BERN', 0.9, 1, 3, 1, NULL, 2, 11),
       (572, 10, '2022-05-23 04:58:15.659151', '2022-05-01', 'APPLE.COM/BILL, HOLLYHILL', 10, 1, 3, 1,
        '2022-05-23 04:58:15.789037', 2, 30),
       (573, 0, '2022-05-22 12:31:12.442167', '2022-05-01', 'EASYJET*EASYJET K3G5PBF-3, LUTON', 778.4, 1, 3, 1, NULL, 4,
        2),
       (574, 0, '2022-05-22 12:31:12.442345', '2022-05-01', 'EASYJET*EASYJET K3G5PBF-3, LUTON', 778.4, 1, 3, 1, NULL, 2,
        30),
       (575, 0, '2022-05-22 12:31:58.533951', '2022-05-01', 'MCDONALD\'S RESTAURANT NR, BERN', 5.8, 1, 3, 1, NULL, 2,
        10),
       (576, 0, '2022-05-22 12:33:53.301113', '2022-05-01', 'HAUPTSTADT GASTRO AG, BERN', 40, 1, 3, 1, NULL, 2, 8),
       (577, 0, '2022-05-22 12:33:53.301351', '2022-05-01', 'MCDONALD\'S RESTAURANT NR, BERN', 2, 1, 3, 1, NULL, 2, 8),
       (578, 0, '2022-05-22 12:33:53.301520', '2022-05-01', 'SUMUP  *LITTLE BAMBUS, WORBLAUFEN', 26, 1, 3, 1, NULL, 2,
        8),
       (579, 0, '2022-05-22 12:33:53.301723', '2022-05-01', 'SUMUP  *TWENTY ONE BER, BERN', 7.9, 1, 3, 1, NULL, 2, 8),
       (580, 0, '2022-05-22 12:33:53.301892', '2022-05-01', 'CHANG CHENG TAKE AWAY, BERN', 26.6, 1, 3, 1, NULL, 2, 8),
       (581, 0, '2022-05-22 12:33:53.302010', '2022-05-01', 'DOMINO\'S PIZZA GMBH, GLATTBRUGG', 29.9, 1, 3, 1, NULL, 2,
        8),
       (582, 0, '2022-05-22 12:33:53.302086', '2022-05-01', 'DOMINO\'S PIZZA GMBH, GLATTBRUGG', 29.9, 1, 3, 1, NULL, 2,
        8),
       (583, 0, '2022-05-22 12:33:53.302263', '2022-05-01', 'MCDONALD\'S, CRISSIER', 14, 1, 3, 1, NULL, 2, 8),
       (584, 0, '2022-05-22 12:33:53.302441', '2022-05-01', 'NIESENBAHN AG, MÜLENEN', 103.5, 1, 3, 1, NULL, 2, 8),
       (585, 0, '2022-05-22 12:33:53.302556', '2022-05-01', 'SUMUP  *QUINNIE CINEMA, BERN', 10, 1, 3, 1, NULL, 2, 8),
       (586, 0, '2022-05-22 12:33:53.302631', '2022-05-01', 'SUMUP  *QUINNIE CINEMA, BERN', 12.5, 1, 3, 1, NULL, 2, 8),
       (587, 0, '2022-05-22 12:33:53.302707', '2022-05-01', 'BURGER KING RESTAURANT, BERN', 23, 1, 3, 1, NULL, 2, 8),
       (588, 0, '2022-05-22 12:33:53.302782', '2022-05-01', 'CHU GARDEN, BERN', 370, 1, 3, 1, NULL, 2, 8),
       (589, 0, '2022-05-22 12:33:53.302856', '2022-05-01', 'REINHARD AG, BERN', 3.2, 1, 3, 1, NULL, 2, 8),
       (590, 0, '2022-05-22 12:33:53.302932', '2022-05-01', 'JUSTEAT, ZURICH', 20.4, 1, 3, 1, NULL, 2, 8),
       (591, 0, '2022-05-22 12:53:24.260331', '2022-05-01', 'WWW.ZALANDO.CH, BERLIN', 198, 1, 3, 1,
        '2022-05-22 12:53:24.499546', 29, 2),
       (593, 0, '2022-05-22 12:36:08.982983', '2022-05-01', 'WWW.ZALANDO.CH, BERLIN', -36, 1, 3, 1, NULL, 2, 11),
       (594, 0, '2022-05-22 12:36:46.324936', '2022-05-01', 'CEBUPACIFIC CEBUPACIFIC, PASAY CITY', 153.8, 1, 3, 1, NULL,
        13, 2),
       (595, 0, '2022-05-22 12:36:46.325160', '2022-05-01', 'CEBUPACIFIC CEBUPACIFIC, PASAY CITY', 153.8, 1, 3, 1, NULL,
        2, 28),
       (596, 0, '2022-05-22 12:37:05.442986', '2022-05-01', 'WWW.ZALANDO.CH, BERLIN', -34.95, 1, 3, 1, NULL, 2, 11),
       (597, 0, '2022-05-22 12:39:49.863656', '2022-05-01', 'AMAVITA BAHNHOF BERN 1, BERN', 21.5, 1, 3, 1, NULL, 7, 2),
       (598, 0, '2022-05-22 12:39:49.863779', '2022-05-01', 'AMAVITA BAHNHOF BERN 1, BERN', 21.5, 1, 3, 1, NULL, 2, 30),
       (599, 0, '2022-05-22 12:39:55.838803', '2022-05-01', 'COOP-1990 BE C.RYFFLIH, BERN', 27.9, 1, 3, 1, NULL, 2, 9),
       (600, 0, '2022-05-22 12:39:55.838948', '2022-05-01', 'COOP-2069 BE C.RYFFLIHOF, BERN', 9.1, 1, 3, 1, NULL, 2, 9),
       (601, 0, '2022-05-22 12:39:55.839023', '2022-05-01', 'COOP-2192 BE C.RYFFLIH, BERN', 32.95, 1, 3, 1, NULL, 2, 9),
       (602, 0, '2022-05-22 12:39:55.839134', '2022-05-01', 'COOP-1990 BE C.RYFFLIH, BERN', 74.3, 1, 3, 1, NULL, 2, 9),
       (603, 0, '2022-05-22 12:39:55.938481', '2022-05-01', 'COOP-4550 BERN RAIL CI, BERN', 5.6, 1, 3, 1, NULL, 2, 9),
       (604, 0, '2022-05-22 12:39:55.938571', '2022-05-01', 'TOOGOODTOG 8DU9B0IEAAK, TOOGOODTOGO.C', 7.9, 1, 3, 1, NULL,
        2, 9),
       (605, 0, '2022-05-22 12:39:55.938657', '2022-05-01', 'COOP-5450 WORBLAUFEN A, WORBLAUFEN', 1, 1, 3, 1, NULL, 2,
        9),
       (606, 0, '2022-05-22 12:39:55.938764', '2022-05-01', 'COOP-5450 WORBLAUFEN APER, WORBLAUFEN', 5.9, 1, 3, 1, NULL,
        2, 9),
       (607, 0, '2022-05-22 12:39:55.938851', '2022-05-01', 'COOP-4550 BERN RAIL CITY, BERN', 42.9, 1, 3, 1, NULL, 2,
        9),
       (608, 0, '2022-05-22 12:39:55.938949', '2022-05-01', 'COOP-5450 WORBLAUFEN A, WORBLAUFEN', 2.3, 1, 3, 1, NULL, 2,
        9),
       (609, 0, '2022-05-22 12:39:55.939032', '2022-05-01', 'COOP-5450 WORBLAUFEN APER, WORBLAUFEN', 4.95, 1, 3, 1,
        NULL, 2, 9),
       (610, 0, '2022-05-22 12:39:55.939413', '2022-05-01', 'MIGROS MMM BERN MARKTG, BERN', 6.6, 1, 3, 1, NULL, 2, 9),
       (611, 0, '2022-05-22 12:39:55.939499', '2022-05-01', 'MIGROS CHRISTOFFEL (3115), BERN', 0.2, 1, 3, 1, NULL, 2,
        9),
       (612, 0, '2022-05-22 12:39:55.939589', '2022-05-01', 'COOP-5450 WORBLAUFEN A, WORBLAUFEN', 2.9, 1, 3, 1, NULL, 2,
        9),
       (613, 0, '2022-05-22 12:39:55.939674', '2022-05-01', 'COOP-4550 BERN RAIL CI, BERN', 3.9, 1, 3, 1, NULL, 2, 9),
       (614, 0, '2022-05-22 12:39:55.939758', '2022-05-01', 'COOP-5450 WORBLAUFEN APER, WORBLAUFEN', 2.95, 1, 3, 1,
        NULL, 2, 9),
       (615, 0, '2022-05-22 12:39:55.939843', '2022-05-01', 'COOP-5450 WORBLAUFEN APER, WORBLAUFEN', 5.65, 1, 3, 1,
        NULL, 2, 9),
       (616, 0, '2022-05-22 12:39:55.939940', '2022-05-01', 'TOOGOODTOG EER2QRMXMD7, TOOGOODTOGO.C', 9.9, 1, 3, 1, NULL,
        2, 9),
       (617, 0, '2022-05-22 12:39:55.940020', '2022-05-01', 'COOP-1990 BE C.RYFFLIHOF, BERN', 153.85, 1, 3, 1, NULL, 2,
        9),
       (618, 0, '2022-05-22 12:39:55.940103', '2022-05-01', 'COOP-1990 BE C.RYFFLIHOF, BERN', 14.95, 1, 3, 1, NULL, 2,
        9),
       (619, 0, '2022-05-22 12:39:55.940182', '2022-05-01', 'COOP-1990 BE C.RYFFLIHOF, BERN', 31.85, 1, 3, 1, NULL, 2,
        9),
       (620, 0, '2022-05-22 12:39:55.940261', '2022-05-01', 'COOP-4550 BERN RAIL CITY, BERN', 14.3, 1, 3, 1, NULL, 2,
        9),
       (621, 0, '2022-05-22 12:39:55.940364', '2022-05-01', 'COOP-5450 WORBLAUFEN APER, WORBLAUFEN', 11.25, 1, 3, 1,
        NULL, 2, 9),
       (622, 0, '2022-05-22 12:39:55.940445', '2022-05-01', 'COOP-5450 WORBLAUFEN APER, WORBLAUFEN', 10.6, 1, 3, 1,
        NULL, 2, 9),
       (623, 0, '2022-05-22 12:39:55.940524', '2022-05-01', 'ASIAN FOOD IMPORT GMBH, BERN', 21.3, 1, 3, 1, NULL, 2, 9),
       (624, 0, '2022-05-22 12:39:55.940603', '2022-05-01', 'COOP-1034 BE BETHLEHEM B+, BERN', 12.5, 1, 3, 1, NULL, 2,
        9),
       (625, 0, '2022-05-22 12:39:55.940683', '2022-05-01', 'COOP-3940 BE EUROPAPLATZ, BERN', 38.3, 1, 3, 1, NULL, 2,
        9),
       (626, 0, '2022-05-22 12:39:55.940762', '2022-05-01', 'MIGROS MM BERN CHRISTO, BERN', 3.55, 1, 3, 1, NULL, 2, 9),
       (627, 0, '2022-05-22 12:39:55.940882', '2022-05-01', 'COOP-5450 WORBLAUFEN APER, WORBLAUFEN', 3.8, 1, 3, 1, NULL,
        2, 9),
       (628, 0, '2022-05-22 12:39:55.940963', '2022-05-01', 'MIGROS MM BAHNHOF BERN, BERN', 35.35, 1, 3, 1, NULL, 2, 9),
       (629, 0, '2022-05-22 12:39:55.941043', '2022-05-01', 'REINHARD AG, BERN', 10.8, 1, 3, 1, NULL, 2, 9),
       (630, 0, '2022-05-22 12:39:55.941126', '2022-05-01', 'COOP-1990 BE C.RYFFLIH, BERN', 17, 1, 3, 1, NULL, 2, 9),
       (631, 0, '2022-05-22 12:40:20.014622', '2022-05-01', 'DO IT + GARDEN MIGROS BER, BERN', 28.5, 1, 3, 1, NULL, 6,
        2),
       (632, 0, '2022-05-22 12:40:20.014939', '2022-05-01', 'DO IT + GARDEN MIGROS BER, BERN', 28.5, 1, 3, 1, NULL, 2,
        30),
       (633, 0, '2022-05-22 12:41:00.106294', '2022-05-01', 'CC ALIGRO, BERN', 342.9, 1, 3, 1, NULL, 13, 2),
       (634, 0, '2022-05-22 12:41:00.106513', '2022-05-01', 'CC ALIGRO, BERN', 342.9, 1, 3, 1, NULL, 2, 28),
       (635, 0, '2022-05-22 13:11:52.964745', '2022-05-22', 'Payback Surplus', 136.6, 1, 3, 1, NULL, 11, 4),
       (636, 0, '2022-05-22 13:12:30.139665', '2022-05-22', 'Payback Surplus', 254.95, 1, 3, 1, NULL, 10, 4),
       (637, 0, '2022-05-22 14:11:31.163011', '2022-05-24', 'Halbtax Lyka', 165, 1, 3, 3, '2022-05-22 14:11:31.292731',
        33, 30),
       (638, 0, '2022-05-22 14:12:43.349700', '2022-05-22', 'Health Bill', 35.6, 1, 3, 3, NULL, 7, 30),
       (639, 0, '2022-05-22 14:14:48.469740', '2022-05-22', 'Payback Alain', 810.9, 1, 3, 1, NULL, 22, 4),
       (640, 0, '2022-05-22 14:15:15.054891', '2022-05-22', 'Payback Papi', 65, 1, 3, 1, NULL, 22, 4),
       (641, 0, '2022-05-22 14:27:39.738534', '2022-05-22', 'Overspent (Keleven)', 0.4, 1, 3, 1,
        '2022-05-22 14:27:39.866299', 4, 30);
/*!40000 ALTER TABLE `transaction`
    ENABLE KEYS */;
UNLOCK TABLES;

--
-- Table structure for table `transaction_seq`
--

DROP TABLE IF EXISTS `transaction_seq`;
/*!40101 SET @saved_cs_client = @@character_set_client */;
/*!50503 SET character_set_client = utf8mb4 */;
CREATE TABLE `transaction_seq`
(
    `next_val` bigint(20) DEFAULT NULL
) ENGINE = InnoDB
  DEFAULT CHARSET = utf8mb4
  COLLATE = utf8mb4_0900_ai_ci;
/*!40101 SET character_set_client = @saved_cs_client */;

--
-- Dumping data for table `transaction_seq`
--

LOCK TABLES `transaction_seq` WRITE;
/*!40000 ALTER TABLE `transaction_seq`
    DISABLE KEYS */;
INSERT INTO `transaction_seq`
VALUES (701);
/*!40000 ALTER TABLE `transaction_seq`
    ENABLE KEYS */;
UNLOCK TABLES;

/*!40103 SET TIME_ZONE = @OLD_TIME_ZONE */;

/*!40101 SET SQL_MODE = @OLD_SQL_MODE */;
/*!40014 SET FOREIGN_KEY_CHECKS = @OLD_FOREIGN_KEY_CHECKS */;
/*!40014 SET UNIQUE_CHECKS = @OLD_UNIQUE_CHECKS */;
/*!40101 SET CHARACTER_SET_CLIENT = @OLD_CHARACTER_SET_CLIENT */;
/*!40101 SET CHARACTER_SET_RESULTS = @OLD_CHARACTER_SET_RESULTS */;
/*!40101 SET COLLATION_CONNECTION = @OLD_COLLATION_CONNECTION */;
/*!40111 SET SQL_NOTES = @OLD_SQL_NOTES */;

-- Dump completed on 2022-05-30 14:52:17
